180611	500	04	
180614	504	00	1a	01	
180618	50c	bc	01	00	
180618	512	00	00	00	00	
180618	540	08	b0	00	0d	c0	00	
180619	544	0c	00	17	09	b0	03	
180624	513	00	00	00	00	
180624	500	04	
180624	534	07	08	
180625	504	00	1a	01	
180629	548	10	c0	00	09	b0	00	
180631	500	04	
180635	550	2a	2a	2b	00	
180636	504	00	1a	01	
180639	508	00	00	0f	00	01	
180642	560	23	
180644	500	04	
180647	504	00	1a	01	
180653	54c	0d	c0	00	0b	80	00	
180653	510	78	05	00	
180653	500	04	
180654	528	00	
180654	520	00	09	05	05	03	04	05	04	
180658	504	00	1a	01	
180661	538	00	00	1c	06	40	06	f5	01	
180664	564	28	
180666	500	04	
180667	514	00	04	00	
180667	52c	00	
180669	504	00	1a	01	
180675	524	00	00	00	00	05	00	05	09	
180676	500	04	
180680	504	00	1a	01	
180687	500	04	
180690	508	00	00	0f	00	01	
180691	504	00	1a	01	
180698	500	04	
180704	504	00	1a	01	
180709	500	04	
180714	504	00	1a	01	
180719	50c	b5	01	00	
180719	512	00	00	00	00	
180720	540	08	b0	00	0d	c0	00	
180720	544	0b	e0	17	09	b0	03	
180721	513	00	00	00	00	
180722	500	04	
180724	534	00	08	
180725	504	00	1a	01	
180730	548	10	c0	00	09	c0	00	
180732	500	04	
180736	504	00	1a	01	
180740	554	00	00	00	00	
180741	508	00	00	0f	00	01	
180743	500	04	
180747	504	00	1a	01	
180754	500	04	
180757	528	00	
180757	520	00	09	05	05	03	04	05	04	
180757	54c	0d	c0	00	0b	80	00	
180757	510	78	05	00	
180758	504	00	1a	01	
180762	538	00	00	1c	06	40	06	f5	01	
180765	564	28	
180765	500	04	
180767	52c	00	
180768	514	00	04	00	
180770	504	00	1a	01	
180771	570	27	
180775	524	00	00	00	00	05	00	05	09	
180778	500	04	
180780	504	00	1a	01	
180788	500	04	
180791	504	00	1a	01	
180792	568	24	
180792	508	00	00	0f	00	01	
180799	500	04	
180802	56c	22	
180802	509	7e	05	f5	01	0c	04	
180802	55c	24	
180802	504	00	1b	01	
180810	500	04	
180813	504	00	1a	01	
180820	50c	b8	01	00	
180820	512	00	00	00	00	
180821	540	08	b0	00	0d	c0	00	
180821	544	0c	b0	18	09	b0	03	
180824	500	04	
180824	513	00	00	00	00	
180824	534	02	08	
180824	504	00	1a	01	
180831	548	10	c0	00	09	c0	00	
180834	500	04	
180835	550	2a	2a	2b	00	
180835	504	00	1a	01	
180843	560	23	
180843	508	00	00	0f	00	01	
180845	500	04	
180846	504	00	1a	01	
180855	500	04	
180856	510	78	05	00	
180856	528	00	
180856	520	00	09	05	05	03	04	05	04	
180856	54c	0d	c0	00	0b	80	00	
180857	504	00	1b	01	
180863	538	00	00	1c	06	40	06	f4	01	
180866	564	28	
180868	500	04	
180869	504	00	1a	01	
180869	514	00	04	00	
180869	52c	00	
180877	524	00	00	00	00	05	00	05	09	
180877	500	04	
180879	504	00	1a	01	
180890	500	04	
180890	504	00	1a	01	
180894	508	00	00	0f	00	01	
180900	500	04	
180901	504	00	1a	01	
180911	500	04	
180912	504	00	1a	01	
180921	50c	b7	01	00	
180921	512	00	00	00	00	
180921	540	08	b0	00	0d	c0	00	
180921	544	0b	60	18	09	b0	03	
180922	500	04	
180923	513	00	00	00	00	
180925	504	00	1b	01	
180926	534	02	08	
180932	548	10	c0	00	09	c0	00	
180933	500	04	
180934	504	00	1a	01	
180941	554	00	00	00	00	
180945	508	00	00	0f	00	01	
180945	504	00	1a	01	
180946	500	04	
180956	500	04	
180959	504	00	1a	01	
180960	510	79	05	00	
180960	54c	0d	c0	00	0b	80	00	
180960	528	00	
180960	520	00	09	05	05	03	04	05	04	
180964	538	00	00	1c	06	40	06	f5	01	
180967	564	28	
180967	500	04	
180967	504	00	1a	01	
180970	52c	00	
180972	514	00	04	00	
180972	570	27	
180978	524	00	00	00	00	05	00	05	09	
180978	500	04	
180978	504	00	1a	01	
180989	500	04	
180989	504	00	1b	01	
180993	568	24	
180996	508	00	00	0f	00	01	
181000	504	00	1b	01	
181003	56c	22	
181003	55c	24	
181003	509	7e	05	f5	01	07	04	
181003	500	04	
181011	504	00	1a	01	
181012	500	04	
181022	50c	b5	01	00	
181022	512	00	00	00	00	
181022	504	00	1a	01	
181023	500	04	
181025	540	08	b0	00	0d	c0	00	
181025	544	0b	80	16	09	b0	03	
181026	513	00	00	00	00	
181026	534	01	08	
181033	548	10	c0	00	09	b0	00	
181033	504	00	1b	01	
181034	500	04	
181036	550	2a	2a	2b	00	
181044	560	23	
181044	504	00	1a	01	
181047	500	04	
181047	508	00	00	0f	00	01	
181055	504	00	1a	01	
181057	500	04	
181058	54c	0d	c0	00	0b	80	00	
181058	528	00	
181059	520	00	09	05	05	03	04	05	04	
181059	510	78	05	00	
181065	538	00	00	1c	06	40	06	f5	01	
181066	504	00	1a	01	
181069	564	28	
181069	500	04	
181070	52c	00	
181071	514	00	04	00	
181077	504	00	1b	01	
181078	524	00	00	00	00	05	00	05	09	
181079	500	04	
181088	504	00	1a	01	
181090	500	04	
181098	508	00	00	0f	00	01	
181101	504	00	1b	01	
181101	500	04	
181110	504	00	1a	01	
181113	500	04	
181121	504	00	1a	01	
181123	50c	b6	01	00	
181123	512	00	00	00	00	
181124	500	04	
181124	540	08	b0	00	0d	c0	00	
181124	544	0c	c0	14	09	b0	03	
181127	513	00	00	00	00	
181128	534	06	08	
181132	504	00	1a	01	
181134	548	10	c0	00	09	c0	00	
181135	500	04	
181142	554	00	00	00	00	
181143	504	00	1a	01	
181146	500	04	
181149	508	00	00	0f	00	01	
181154	504	00	1a	01	
181157	500	04	
181159	54c	0d	c0	00	0b	80	00	
181160	510	78	05	00	
181160	528	00	
181160	520	00	09	05	05	03	04	05	04	
181165	504	00	1a	01	
181166	538	00	00	1c	06	40	06	f5	01	
181169	564	28	
181169	500	04	
181171	570	27	
181174	514	00	04	00	
181174	52c	00	
181176	504	00	1b	01	
181180	500	04	
181180	524	00	00	00	00	05	00	05	09	
181187	504	00	1b	01	
181191	500	04	
181194	568	24	
181198	504	00	1b	01	
181200	508	00	00	0f	00	01	
181202	500	04	
181202	56c	22	
181202	55c	24	
181203	509	7e	05	f5	01	00	04	
181209	504	00	1b	01	
181213	500	04	
181220	504	00	1a	01	
181224	50c	b7	01	00	
181224	512	00	00	00	00	
181225	500	04	
181228	540	08	b0	00	0d	c0	00	
181228	544	0c	10	16	09	b0	03	
181228	513	00	00	00	00	
181230	534	08	08	
181231	504	00	1a	01	
181235	548	10	c0	00	09	b0	00	
181236	500	04	
181237	550	2a	2a	2b	00	
181242	504	00	1a	01	
181244	560	23	
181247	500	04	
181251	508	00	00	0f	00	01	
181253	504	00	1a	01	
181257	500	04	
181260	54c	0d	c0	00	0b	80	00	
181261	510	78	05	00	
181261	528	00	
181261	520	00	09	05	05	03	04	05	04	
181264	504	00	1a	01	
181267	538	00	00	1c	06	40	06	f7	01	
181269	500	04	
181270	564	28	
181273	514	00	04	00	
181273	52c	00	
181275	504	00	1a	01	
181281	524	00	00	00	00	05	00	05	09	
181281	500	04	
181286	504	00	1b	01	
181292	500	04	
181297	504	00	1a	01	
181302	508	00	00	0f	00	01	
181302	500	04	
181308	504	00	1a	01	
181313	500	04	
181319	504	00	1a	01	
181324	500	04	
181325	50c	ba	01	00	
181325	512	00	00	00	00	
181326	540	08	b0	00	0d	c0	00	
181326	544	0b	50	17	09	b0	03	
181329	513	00	00	00	00	
181330	504	00	1a	01	
181331	534	1d	08	
181336	548	10	c0	00	09	b0	00	
181337	500	04	
181341	504	00	1a	01	
181342	554	00	00	00	00	
181347	500	04	
181352	504	00	1a	01	
181353	508	00	00	0f	00	01	
181358	500	04	
181361	54c	0d	c0	00	0c	80	00	
181362	528	00	
181362	520	00	09	05	05	03	04	05	04	
181363	510	78	05	00	
181363	504	00	1b	01	
181368	538	00	00	1c	06	40	06	f6	01	
181369	500	04	
181371	564	28	
181372	570	27	
181375	52c	00	
181375	514	00	04	00	
181375	504	00	1a	01	
181380	500	04	
181383	524	00	00	00	00	05	00	05	09	
181385	504	00	1a	01	
181393	500	04	
181395	568	24	
181396	504	00	1b	01	
181403	56c	22	
181405	55c	24	
181406	509	7f	05	f5	01	fc	03	
181406	500	04	
181406	508	00	00	0f	00	01	
181407	504	00	1b	01	
181414	500	04	
181418	504	00	1a	01	
181425	500	04	
181426	50c	b5	01	00	
181426	512	00	00	00	00	
181428	540	08	b0	00	0d	c0	00	
181428	544	0c	00	16	09	b0	03	
181429	513	00	00	00	00	
181429	504	00	1a	01	
181433	534	01	08	
181436	500	04	
181437	548	10	c0	00	09	b0	00	
181439	550	2a	2a	2b	00	
181440	504	00	1a	01	
181446	560	23	
181449	500	04	
181451	504	00	1a	01	
181455	508	00	00	0f	00	01	
181459	500	04	
181462	504	00	1b	01	
181462	54c	0d	b0	00	0b	80	00	
181463	528	00	
181463	520	00	09	05	05	03	04	05	04	
181464	510	78	05	00	
181469	538	00	00	1c	06	40	06	f5	01	
181471	500	04	
181472	564	28	
181473	504	00	1a	01	
181475	514	00	04	00	
181475	52c	00	
181481	500	04	
181484	504	00	1a	01	
181485	524	00	00	00	00	05	00	05	09	
181492	500	04	
181495	504	00	1a	01	
181506	508	00	00	0f	00	01	
181506	504	00	1b	01	
181506	500	04	
181517	500	04	
181517	504	00	1b	01	
181527	50c	bc	01	00	
181527	512	00	00	00	00	
181528	540	08	a0	00	0d	c0	00	
181528	544	0b	b0	16	09	b0	03	
181528	500	04	
181532	504	00	1a	01	
181533	513	00	00	00	00	
181534	534	1e	08	
181538	548	10	c0	00	09	b0	00	
181539	500	04	
181539	504	00	1a	01	
181544	554	00	00	00	00	
181550	500	04	
181550	504	00	1a	01	
181557	508	00	00	0f	00	01	
181561	504	00	1a	01	
181563	528	00	
181563	520	00	09	05	05	03	04	05	04	
181564	54c	0d	c0	00	0b	80	00	
181564	500	04	
181565	510	77	05	00	
181570	538	00	00	1c	06	40	06	f5	01	
181572	504	00	1a	01	
181573	564	28	
181573	570	27	
181576	500	04	
181576	514	00	04	00	
181578	52c	00	
181583	504	00	1a	01	
181586	524	00	00	00	00	05	00	05	09	
181586	500	04	
181594	504	00	1a	01	
181596	568	24	
181597	500	04	
181604	56c	22	
181606	55c	24	
181606	509	7f	05	f5	01	f6	03	
181606	504	00	1a	01	
181608	508	00	00	0f	00	01	
181608	500	04	
181616	504	00	1a	01	
181622	500	04	
181627	504	00	1a	01	
181628	50c	c1	01	00	
181628	512	00	00	00	00	
181630	540	08	b0	00	0d	c0	00	
181631	544	0b	30	17	09	b0	03	
181631	513	00	00	00	00	
181633	500	04	
181636	534	01	08	
181638	504	00	1a	01	
181640	548	10	c0	00	09	c0	00	
181640	550	2a	2a	2b	00	
181644	500	04	
181646	560	23	
181649	504	00	1b	01	
181655	500	04	
181659	508	00	00	0f	00	01	
181660	504	00	1a	01	
181664	54c	0d	c0	00	0b	80	00	
181665	528	00	
181665	520	00	09	05	05	03	04	05	04	
181666	500	04	
181667	510	78	05	00	
181671	538	00	00	1c	06	40	06	f6	01	
181674	504	00	1b	01	
181674	564	28	
181677	514	00	04	00	
181677	52c	00	
181680	500	04	
181682	504	00	1a	01	
181688	524	00	00	00	00	05	00	05	09	
181691	500	04	
181693	504	00	1a	01	
181702	500	04	
181704	504	00	1b	01	
181710	508	00	00	0f	00	01	
181713	500	04	
181715	504	00	1a	01	
181724	500	04	
181726	504	00	1a	01	
181729	50c	bb	01	00	
181729	512	00	00	00	00	
181730	540	08	b0	00	0d	c0	00	
181731	513	00	00	00	00	
181733	544	0b	c0	15	09	b0	03	
181737	534	1c	08	
181737	504	00	1a	01	
181738	500	04	
181742	548	10	c0	00	09	c0	00	
181745	554	00	00	00	00	
181748	504	00	1b	01	
181749	500	04	
181759	504	00	1a	01	
181760	500	04	
181762	508	00	00	0f	00	01	
181766	54c	0d	c0	00	0c	80	00	
181766	528	00	
181766	520	00	09	05	05	03	04	05	04	
181768	510	78	05	00	
181770	504	00	1a	01	
181771	500	04	
181772	538	00	00	1c	06	40	06	f6	01	
181774	570	27	
181775	564	28	
181778	514	00	04	00	
181778	52c	00	
181781	504	00	1a	01	
181782	500	04	
181789	524	00	00	00	00	05	00	05	09	
181792	504	00	1a	01	
181796	500	04	
181797	568	24	
181803	504	00	1a	01	
181805	56c	22	
181807	509	80	05	f5	01	f2	03	
181808	55c	24	
181808	500	04	
181812	508	00	00	0f	00	01	
181814	504	00	1a	01	
181818	500	04	
181825	504	00	1b	01	
181829	500	04	
181830	50c	b8	01	00	
181830	512	00	00	00	00	
181832	540	09	a0	00	0d	c0	00	
181832	544	0b	10	19	09	b0	03	
181833	513	00	00	00	00	
181836	504	00	1a	01	
181838	534	01	08	
181840	500	04	
181844	548	10	c0	00	09	b0	00	
181846	550	2a	2a	2b	00	
181847	504	00	1a	01	
181848	560	23	
181853	500	04	
181858	504	00	1a	01	
181863	508	00	00	0f	00	01	
181864	500	04	
181868	54c	0d	c0	00	0b	80	00	
181868	528	00	
181868	520	00	09	05	05	03	04	05	04	
181869	510	78	05	00	
181869	504	00	1a	01	
181873	538	00	00	1c	06	40	06	f5	01	
181875	500	04	
181876	564	28	
181879	514	00	04	00	
181879	52c	00	
181880	504	00	1a	01	
181885	500	04	
181890	524	00	00	00	00	05	00	05	09	
181891	504	00	1b	01	
181896	500	04	
181902	504	00	1b	01	
181910	500	04	
181913	504	00	1b	01	
181914	508	00	00	0f	00	01	
181921	500	04	
181924	504	00	1a	01	
181931	50c	ba	01	00	
181931	512	00	00	00	00	
181931	500	04	
181932	540	08	b0	00	0d	c0	00	
181933	513	00	00	00	00	
181935	544	0b	b0	16	09	b0	03	
181936	504	00	1a	01	
181939	534	02	08	
181942	500	04	
181946	554	00	00	00	00	
181946	548	10	c0	00	3d	b0	00	
181946	504	00	1a	01	
181953	500	04	
181957	504	00	1b	01	
181965	508	00	00	10	00	01	
181968	500	04	
181968	520	00	09	05	05	03	04	05	04	
181968	504	00	1a	01	
181969	54c	0d	c0	00	0b	80	00	
181969	528	00	
181971	510	78	05	00	
181974	538	00	00	1c	06	40	06	05	02	
181975	570	27	
181977	564	28	
181977	500	04	
181980	504	00	1a	01	
181980	514	00	04	00	
181982	52c	00	
181988	500	04	
181990	504	00	1a	01	
181991	524	00	00	00	00	05	00	05	09	
181998	568	24	
181999	500	04	
182001	504	00	1a	01	
182006	56c	22	
182008	509	82	05	f5	01	fc	03	
182008	55c	24	
182010	500	04	
182012	504	00	1b	01	
182016	508	00	00	0f	00	01	
182023	504	00	1a	01	
182024	500	04	
182032	50c	b9	01	00	
182032	512	00	00	00	00	
182033	540	08	a0	00	0d	c0	00	
182035	544	0b	30	18	09	b0	03	
182036	513	00	00	00	00	
182036	500	04	
182036	504	00	1b	01	
182040	534	00	08	
182045	500	04	
182045	504	00	1a	01	
182047	550	2a	2a	2b	00	
182048	548	10	c0	00	3b	b0	00	
182049	560	23	
182056	500	04	
182056	504	00	1a	01	
182067	508	00	00	11	00	01	
182067	500	04	
182067	504	00	1a	01	
182070	520	00	09	05	05	03	04	05	04	
182070	54c	0d	c0	00	0b	80	00	
182071	528	00	
182071	510	79	05	00	
182075	538	00	00	1c	06	40	06	07	02	
182078	564	28	
182078	504	00	1a	01	
182081	500	04	
182081	514	00	04	00	
182081	52c	00	
182089	504	00	1b	01	
182091	500	04	
182092	524	00	00	00	00	05	00	05	09	
182100	504	00	1a	01	
182102	500	04	
182111	504	00	1a	01	
182113	500	04	
182118	508	00	00	0f	00	01	
182122	504	00	1a	01	
182124	500	04	
182133	50c	b8	01	00	
182133	512	00	00	00	00	
182133	504	00	1a	01	
182134	540	08	b0	00	0d	c0	00	
182135	513	00	00	00	00	
182137	544	0b	60	17	09	a0	03	
182138	500	04	
182142	534	14	08	
182144	504	00	1a	01	
182147	554	00	00	00	00	
182148	500	04	
182149	548	10	c0	00	3d	b0	00	
182155	504	00	1a	01	
182159	500	04	
182166	504	00	1a	01	
182169	508	00	00	11	00	01	
182171	500	04	
182171	520	00	09	05	05	03	04	05	04	
182171	54c	0d	c0	00	0b	80	00	
182172	528	00	
182173	510	77	05	00	
182176	538	00	00	1c	06	40	06	09	02	
182176	570	27	
182177	504	00	1b	01	
182179	564	28	
182181	500	04	
182182	514	00	04	00	
182182	52c	00	
182188	504	00	1a	01	
182193	524	00	00	00	00	05	00	05	09	
182194	500	04	
182199	568	24	
182199	504	00	1a	01	
182205	500	04	
182207	56c	22	
182209	55c	24	
182210	509	85	05	f5	01	f3	03	
182210	504	00	1a	01	
182216	500	04	
182220	508	00	00	0f	00	01	
182221	504	00	1b	01	
182227	500	04	
182232	504	00	1a	01	
182234	50c	ba	01	00	
182234	512	00	00	00	00	
182236	540	08	b0	00	0d	c0	00	
182236	513	00	00	00	00	
182236	544	0b	e0	18	09	b0	03	
182238	500	04	
182242	534	fe	07	
182243	504	00	1b	01	
182248	550	2a	2a	2b	00	
182249	560	23	
182251	548	10	c0	00	3f	b0	00	
182251	500	04	
182254	504	00	1a	01	
182262	500	04	
182265	504	00	1a	01	
182271	508	00	00	0f	00	01	
182272	54c	0d	c0	00	0b	80	00	
182272	520	00	09	05	05	03	04	05	04	
182273	500	04	
182273	528	00	
182275	510	78	05	00	
182276	504	00	1a	01	
182279	538	00	00	1c	06	40	06	06	02	
182280	564	28	
182283	52c	00	
182283	514	00	04	00	
182284	500	04	
182287	504	00	1a	01	
182294	524	00	00	00	00	05	00	05	09	
182295	500	04	
182298	504	00	1b	01	
182308	500	04	
182311	504	00	1a	01	
182319	500	04	
182320	504	00	1b	01	
182322	508	00	00	11	00	01	
182330	500	04	
182331	504	00	1a	01	
182335	50c	b5	01	00	
182335	512	00	00	00	00	
182336	540	08	b0	00	0d	c0	00	
182337	544	0b	30	18	09	b0	03	
182339	513	00	00	00	00	
182341	500	04	
182342	504	00	1a	01	
182344	534	fd	07	
182348	554	00	00	00	00	
182352	500	04	
182352	548	10	c0	00	3a	b0	00	
182353	504	00	1a	01	
182364	504	00	1a	01	
182365	500	04	
182373	520	00	09	05	05	03	04	05	04	
182373	508	00	00	0f	00	01	
182373	54c	0d	c0	00	0b	80	00	
182374	528	00	
182376	510	79	05	00	
182376	504	00	1a	01	
182376	500	04	
182377	570	27	
182378	538	00	00	1c	06	40	06	03	02	
182381	564	28	
182384	514	00	04	00	
182385	52c	00	
182386	504	00	1b	01	
182387	500	04	
182396	524	00	00	00	00	05	00	05	09	
182397	504	00	1a	01	
182398	500	04	
182400	568	24	
182408	56c	22	
182408	55c	24	
182410	509	85	05	f5	01	eb	03	
182410	504	00	1b	01	
182410	500	04	
182419	504	00	1a	01	
182422	500	04	
182424	508	00	00	11	00	01	
182430	504	00	1b	01	
182433	500	04	
182436	50c	be	01	00	
182436	512	00	00	00	00	
182438	513	00	00	00	00	
182439	540	09	a0	00	0d	c0	00	
182439	544	0b	70	14	09	b0	03	
182441	504	00	1b	01	
182444	500	04	
182447	534	00	08	
182449	550	2a	2a	2b	00	
182451	560	23	
182452	504	00	1a	01	
182453	548	10	c0	00	3b	b0	00	
182457	500	04	
182463	504	00	1b	01	
182466	500	04	
182474	520	00	09	05	05	03	04	05	04	
182474	54c	0d	c0	00	0b	80	00	
182474	504	00	1a	01	
182475	528	00	
182475	508	00	00	0f	00	01	
182477	510	79	05	00	
182478	500	04	
182481	538	00	00	1c	06	40	06	03	02	
182482	564	28	
182485	514	00	04	00	
182485	52c	00	
182485	504	00	1b	01	
182489	500	04	
182496	504	00	1a	01	
182498	524	00	00	00	00	05	00	05	09	
182499	500	04	
182507	504	00	1a	01	
182510	500	04	
182518	504	00	1a	01	
182521	500	04	
182526	508	00	00	10	00	01	
182529	504	00	1a	01	
182534	500	04	
182537	50c	ba	01	00	
182537	512	00	00	00	00	
182539	540	08	a0	00	0d	c0	00	
182539	544	0b	b0	18	09	b0	03	
182541	513	00	00	00	00	
182542	504	00	1b	01	
182545	500	04	
182547	534	1d	08	
182549	554	00	00	00	00	
182551	504	00	1a	01	
182554	548	10	c0	00	3b	c0	00	
182555	500	04	
182562	504	00	1a	01	
182566	500	04	
182573	504	00	1a	01	
182575	54c	0d	c0	00	0b	80	00	
182575	520	00	09	05	05	03	04	05	04	
182576	528	00	
182577	508	00	00	0f	00	01	
182577	500	04	
182578	570	27	
182579	510	79	05	00	
182580	538	00	00	1c	06	40	06	01	02	
182583	564	28	
182585	504	00	1b	01	
182586	514	00	04	00	
182586	52c	00	
182590	500	04	
182595	504	00	1a	01	
182599	524	00	00	00	00	05	00	05	09	
182600	500	04	
182601	568	24	
182606	504	00	1a	01	
182609	56c	22	
182611	509	86	05	f5	01	df	03	
182612	55c	24	
182612	500	04	
182617	504	00	1b	01	
182622	500	04	
182628	508	00	00	10	00	01	
182628	504	00	1a	01	
182633	500	04	
182638	50c	bb	01	00	
182638	512	00	00	00	00	
182640	504	00	1a	01	
182640	513	00	00	00	00	
182640	540	09	a0	00	0d	c0	00	
182641	544	0b	60	16	09	b0	03	
182646	500	04	
182649	534	01	08	
182650	504	00	1a	01	
182651	550	2a	2a	2b	00	
182652	560	23	
182656	548	10	c0	00	3b	b0	00	
182658	500	04	
182661	504	00	1a	01	
182667	500	04	
182672	504	00	1a	01	
182675	520	00	09	05	05	03	04	05	04	
182676	54c	0d	c0	00	0b	80	00	
182677	528	00	
182678	500	04	
182679	508	00	00	0f	00	01	
182680	510	78	05	00	
182682	538	00	00	1c	06	40	06	fc	01	
182683	504	00	1b	01	
182684	564	28	
182687	514	00	04	00	
182688	52c	00	
182689	500	04	
182694	504	00	1b	01	
182700	524	00	00	00	00	05	00	05	09	
182702	500	04	
182705	504	00	1a	01	
182712	500	04	
182716	504	00	1a	01	
182723	500	04	
182727	504	00	1b	01	
182730	508	00	00	10	00	01	
182734	500	04	
182738	504	00	1a	01	
182739	50c	b9	01	00	
182739	512	00	00	00	00	
182740	540	08	b0	00	0d	c0	00	
182743	544	0c	a0	17	09	b0	03	
182743	513	00	00	00	00	
182745	500	04	
182749	504	00	1a	01	
182750	534	07	08	
182750	554	00	00	00	00	
182757	548	10	c0	00	3e	c0	00	
182758	500	04	
182760	504	00	1b	01	
182768	500	04	
182771	504	00	1a	01	
182777	54c	0d	b0	00	0b	80	00	
182777	520	00	09	05	05	03	04	05	04	
182778	528	00	
182779	500	04	
182779	570	27	
182781	510	78	05	00	
182781	508	00	00	10	00	01	
182782	538	00	00	1c	06	40	06	fa	01	
182782	504	00	1b	01	
182785	564	28	
182788	514	00	04	00	
182790	52c	00	
182790	500	04	
182793	504	00	1a	01	
182801	524	00	00	00	00	05	00	05	09	
182801	500	04	
182802	568	24	
182804	504	00	1b	01	
182810	56c	22	
182812	55c	24	
182812	509	87	05	f5	01	d9	03	
182814	500	04	
182815	504	00	1b	01	
182824	500	04	
182826	504	00	1a	01	
182832	508	00	00	0f	00	01	
182835	500	04	
182837	504	00	1a	01	
182840	50c	b6	01	00	
182842	512	00	00	00	00	
182843	513	00	00	00	00	
182843	540	08	b0	00	0d	c0	00	
182843	544	0b	10	17	09	b0	03	
182846	500	04	
182848	504	00	1a	01	
182851	534	05	08	
182852	550	2a	2a	2b	00	
182853	560	23	
182857	500	04	
182859	548	10	c0	00	3d	c0	00	
182860	504	00	1b	01	
182870	500	04	
182870	504	00	1a	01	
182877	520	00	09	05	05	03	04	05	04	
182878	54c	0d	c0	00	0b	80	00	
182880	528	00	
182880	500	04	
182881	504	00	1a	01	
182883	510	78	05	00	
182885	508	00	00	10	00	01	
182886	538	00	00	1c	06	40	06	f9	01	
182886	564	28	
182889	514	00	04	00	
182890	52c	00	
182891	500	04	
182892	504	00	1b	01	
182902	524	00	00	00	00	05	00	05	09	
182902	500	04	
182903	504	00	1a	01	
182913	500	04	
182914	504	00	1a	01	
182925	504	00	1a	01	
182926	500	04	
182934	508	00	00	0f	00	01	
182936	500	04	
182936	504	00	1a	01	
182941	50c	b8	01	00	
182941	512	00	00	00	00	
182943	513	00	00	00	00	
182945	540	09	b0	00	0d	c0	00	
182946	544	0b	10	18	09	a0	03	
182947	500	04	
182947	504	00	1a	01	
182951	554	00	00	00	00	
182952	534	04	08	
182958	500	04	
182958	504	00	1b	01	
182960	548	10	c0	00	3e	b0	00	
182969	500	04	
182971	504	00	1a	01	
182979	54c	0d	c0	00	0c	80	00	
182979	520	00	09	05	05	03	04	05	04	
182980	528	00	
182980	570	27	
182980	504	00	1a	01	
182981	500	04	
182984	510	78	05	00	
182984	538	00	00	1c	06	40	06	f8	01	
182985	508	00	00	11	00	01	
182987	564	28	
182990	514	00	04	00	
182991	504	00	1a	01	
182992	500	04	
182992	52c	00	
183002	504	00	1a	01	
183003	500	04	
183004	524	00	00	00	00	05	00	05	09	
183004	568	24	
183011	56c	22	
183013	509	86	05	f5	01	d5	03	
183014	55c	24	
183014	504	00	1a	01	
183014	500	04	
183024	504	00	1a	01	
183025	500	04	
183035	504	00	1a	01	
183036	508	00	00	0f	00	01	
183037	500	04	
183042	50c	bc	01	00	
183044	512	00	00	00	00	
183044	513	00	00	00	00	
183046	504	00	1a	01	
183048	500	04	
183048	540	08	b0	00	0d	c0	00	
183048	544	0b	20	18	09	b0	03	
183053	550	2a	2a	2b	00	
183053	534	02	08	
183054	560	23	
183057	504	00	1b	01	
183060	500	04	
183061	548	10	c0	00	40	b0	00	
183068	504	00	1b	01	
183070	500	04	
183079	504	00	1b	01	
183080	520	00	09	05	05	03	04	05	04	
183080	54c	0d	c0	00	0b	80	00	
183081	500	04	
183082	528	00	
183085	510	79	05	00	
183087	538	00	00	1c	06	40	06	f7	01	
183087	508	00	00	11	00	01	
183088	564	28	
183090	504	00	1a	01	
183091	514	00	04	00	
183093	52c	00	
183093	500	04	
183101	504	00	1b	01	
183104	500	04	
183106	524	00	00	00	00	05	00	05	09	
183112	504	00	1a	01	
183114	500	04	
183123	504	00	1b	01	
183125	500	04	
183136	504	00	1a	01	
183136	500	04	
183138	508	00	00	0f	00	01	
183143	50c	b9	01	00	
183143	512	00	00	00	00	
183145	513	00	00	00	00	
183147	504	00	1a	01	
183149	500	04	
183149	540	08	b0	00	0d	c0	00	
183150	544	0b	90	15	09	b0	03	
183152	554	00	00	00	00	
183154	534	03	08	
183157	504	00	1b	01	
183160	500	04	
183162	548	10	c0	00	41	b0	00	
183168	504	00	1a	01	
183171	500	04	
183179	504	00	1b	01	
183180	520	00	09	05	05	03	04	05	04	
183181	54c	0d	c0	00	0c	80	00	
183181	500	04	
183181	570	27	
183183	528	00	
183186	538	00	00	0a	06	40	06	f6	01	
183187	510	78	05	00	
183189	564	28	
183191	508	00	00	11	00	01	
183193	504	00	1b	01	
183193	514	00	04	00	
183193	500	04	
183194	52c	00	
183201	504	00	1a	01	
183205	568	24	
183205	500	04	
183208	524	00	00	00	00	05	00	05	09	
183212	56c	22	
183214	509	84	05	f5	01	d1	03	
183214	55c	24	
183214	504	00	1a	01	
183215	500	04	
183223	504	00	1a	01	
183226	500	04	
183234	504	00	1b	01	
183237	500	04	
183240	508	00	00	0f	00	01	
183244	50c	bb	01	00	
183246	512	00	00	00	00	
183247	504	00	1b	01	
183247	513	00	00	00	00	
183248	500	04	
183251	540	08	b0	00	0d	c0	00	
183252	544	0c	10	18	09	b0	03	
183254	550	2a	2a	2b	00	
183255	560	23	
183255	534	21	08	
183256	504	00	1b	01	
183261	500	04	
183264	548	10	c0	00	45	c0	00	
183267	504	00	1a	01	
183271	500	04	
183278	504	00	1a	01	
183282	520	00	09	05	05	03	04	05	04	
183282	500	04	
183283	54c	0d	c0	00	0b	80	00	
183284	528	00	
183287	538	00	00	0a	06	40	06	f7	01	
183290	510	79	05	00	
183290	504	00	1a	01	
183290	564	28	
183291	508	00	00	11	00	01	
183293	514	00	04	00	
183293	500	04	
183296	52c	00	
183300	504	00	1a	01	
183304	500	04	
183309	524	00	00	00	00	05	00	05	09	
183311	504	00	1a	01	
183317	500	04	
183322	504	00	1a	01	
183327	500	04	
183333	504	00	1b	01	
183338	500	04	
183342	508	00	00	0f	00	01	
183344	504	00	1b	01	
183345	50c	b9	01	00	
183345	512	00	00	00	00	
183348	513	00	00	00	00	
183349	500	04	
183352	540	08	b0	00	0d	c0	00	
183352	544	0b	90	14	09	b0	03	
183353	554	00	00	00	00	
183355	504	00	1b	01	
183355	534	fd	07	
183360	500	04	
183366	548	10	c0	00	40	b0	00	
183366	504	00	1b	01	
183373	500	04	
183377	504	00	1a	01	
183382	570	27	
183383	520	00	09	05	05	03	04	05	04	
183383	500	04	
183385	54c	0d	b0	00	0b	80	00	
183386	528	00	
183388	538	00	00	0a	06	40	06	f6	01	
183388	504	00	1a	01	
183389	510	78	05	00	
183391	564	28	
183393	508	00	00	11	00	01	
183394	514	00	04	00	
183394	500	04	
183398	52c	00	
183399	504	00	1a	01	
183405	500	04	
183406	568	24	
183410	524	00	00	00	00	05	00	05	09	
183410	504	00	1a	01	
183413	56c	22	
183413	509	83	05	f5	01	ce	03	
183413	55c	24	
183416	500	04	
183421	504	00	1a	01	
183429	500	04	
183432	504	00	1b	01	
183439	500	04	
183443	504	00	1b	01	
183444	508	00	00	0f	00	01	
183446	50c	b8	01	00	
183446	512	00	00	00	00	
183448	513	00	00	00	00	
183450	500	04	
183453	540	08	b0	00	0d	c0	00	
183453	544	0b	40	19	09	b0	03	
183454	504	00	1a	01	
183454	550	2a	2a	2b	00	
183456	560	23	
183457	534	1b	08	
183461	500	04	
183465	504	00	1a	01	
183467	548	10	c0	00	45	c0	00	
183472	500	04	
183476	504	00	1a	01	
183484	520	00	09	05	05	03	04	05	04	
183485	500	04	
183486	54c	0d	c0	00	0b	80	00	
183486	528	00	
183487	504	00	1b	01	
183490	538	00	00	0a	06	40	06	f8	01	
183491	510	79	05	00	
183492	564	28	
183495	514	00	04	00	
183495	508	00	00	10	00	01	
183495	500	04	
183498	504	00	1b	01	
183500	52c	00	
183506	500	04	
183509	504	00	1b	01	
183512	524	00	00	00	00	05	00	05	09	
183517	500	04	
183520	504	00	1a	01	
183528	500	04	
183531	504	00	1a	01	
183540	500	04	
183542	504	00	1a	01	
183546	508	00	00	0f	00	01	
183547	50c	bf	01	00	
183547	512	00	00	00	00	
183549	513	00	00	00	00	
183551	500	04	
183553	504	00	1b	01	
183554	554	00	00	00	00	
183554	540	08	a0	00	0d	c0	00	
183554	544	0b	40	15	09	b0	03	
183557	534	fc	07	
183562	500	04	
183564	504	00	1a	01	
183568	548	10	c0	00	43	b0	00	
183573	500	04	
183575	504	00	1a	01	
183583	570	27	
183584	500	04	
183585	520	00	09	05	05	03	04	05	04	
183586	504	00	1a	01	
183587	54c	0d	c0	00	0b	80	00	
183588	528	00	
183590	538	00	00	0a	06	40	06	fb	01	
183592	510	78	05	00	
183594	564	28	
183596	514	00	04	00	
183596	500	04	
183597	508	00	00	10	00	01	
183597	504	00	1b	01	
183601	52c	00	
183607	568	24	
183607	500	04	
183608	504	00	1a	01	
183612	524	00	00	00	00	05	00	05	09	
183614	56c	22	
183614	509	82	05	f5	01	cf	03	
183614	55c	24	
183618	500	04	
183619	504	00	1a	01	
183629	500	04	
183630	504	00	1a	01	
183640	500	04	
183641	504	00	1a	01	
183648	50c	b4	01	00	
183650	512	00	00	00	00	
183651	508	00	00	0f	00	01	
183651	513	00	00	00	00	
183652	500	04	
183652	504	00	1a	01	
183655	540	08	b0	00	0d	c0	00	
183655	544	0b	90	17	09	b0	03	
183656	550	2a	2a	2b	00	
183657	560	23	
183659	534	1a	08	
183663	500	04	
183663	504	00	1a	01	
183669	548	10	c0	00	42	b0	00	
183674	500	04	
183674	504	00	1a	01	
183685	500	04	
183685	504	00	1a	01	
183686	520	00	09	05	05	03	04	05	04	
183688	54c	0d	c0	00	0b	80	00	
183689	528	00	
183691	538	00	00	0a	06	40	06	fc	01	
183692	510	78	05	00	
183694	564	28	
183696	500	04	
183696	504	00	1b	01	
183697	514	00	04	00	
183699	508	00	00	10	00	01	
183702	52c	00	
183707	504	00	1a	01	
183708	500	04	
183713	524	00	00	00	00	05	00	05	09	
183718	504	00	1a	01	
183719	500	04	
183729	504	00	1a	01	
183730	500	04	
183740	504	00	1a	01	
183740	500	04	
183749	50c	ba	01	00	
183749	512	00	00	00	00	
183750	508	00	00	10	00	01	
183753	513	00	00	00	00	
183753	504	00	1b	01	
183753	500	04	
183755	554	00	00	00	00	
183756	540	08	b0	00	0d	c0	00	
183756	544	0b	60	18	09	b0	03	
183759	534	fa	07	
183762	504	00	1a	01	
183764	500	04	
183771	548	10	c0	00	43	b0	00	
183774	504	00	1a	01	
183775	500	04	
183784	504	00	1a	01	
183784	570	27	
183785	500	04	
183787	520	00	09	05	05	03	04	05	04	
183789	54c	0d	c0	00	0b	80	00	
183790	528	00	
183792	538	00	00	0a	06	40	06	ff	01	
183795	564	28	
183797	510	78	05	00	
183798	504	00	1b	01	
183798	500	04	
183798	514	00	04	00	
183801	508	00	00	10	00	01	
183803	52c	00	
183806	504	00	1a	01	
183807	500	04	
183808	568	24	
183814	524	00	00	00	00	05	00	05	09	
183817	56c	22	
183817	55c	24	
183817	509	81	05	f5	01	cf	03	
183818	504	00	1a	01	
183820	500	04	
183828	504	00	1b	01	
183830	500	04	
183839	504	00	1a	01	
183841	500	04	
183850	50c	b6	01	00	
183852	512	00	00	00	00	
183852	504	00	1b	01	
183852	513	00	00	00	00	
183852	508	00	00	10	00	01	
183852	500	04	
183857	550	2a	2a	2b	00	
183857	540	08	b0	00	0d	c0	00	
183857	544	0b	90	16	09	b0	03	
183857	560	23	
183861	534	1f	08	
183864	504	00	1a	01	
183864	500	04	
183872	504	00	1a	01	
183873	548	10	c0	00	42	c0	00	
183876	500	04	
183883	504	00	1b	01	
183886	500	04	
183888	520	00	09	05	05	03	04	05	04	
183890	54c	0d	c0	00	0b	80	00	
183891	528	00	
183893	538	00	00	0a	06	40	06	04	02	
183896	504	00	1a	01	
183896	510	79	05	00	
183896	564	28	
183897	500	04	
183899	514	00	04	00	
183903	508	00	00	0f	00	01	
183903	52c	00	
183906	504	00	1a	01	
183908	500	04	
183915	524	00	00	00	00	05	00	05	09	
183917	504	00	1b	01	
183919	500	04	
183928	504	00	1a	01	
183932	500	04	
183939	504	00	1b	01	
183942	500	04	
183950	504	00	1a	01	
183951	50c	b8	01	00	
183951	512	00	00	00	00	
183953	513	00	00	00	00	
183954	500	04	
183954	508	00	00	10	00	01	
183956	554	00	00	00	00	
183958	540	08	b0	00	0d	c0	00	
183958	544	0b	d0	17	09	b0	03	
183961	504	00	1a	01	
183962	534	06	08	
183964	500	04	
183972	504	00	1b	01	
183975	548	10	c0	00	43	b0	00	
183975	500	04	
183983	504	00	1a	01	
183985	570	27	
183988	500	04	
183989	520	00	09	05	05	03	04	05	04	
183991	54c	0d	c0	00	0b	80	00	
183991	528	00	
183994	538	00	00	0a	06	40	06	f5	01	
183994	504	00	1b	01	
183997	510	79	05	00	
183999	564	28	
183999	500	04	
184000	514	00	04	00	
184005	508	00	00	0f	00	01	
184005	52c	00	
184005	504	00	1a	01	
184009	568	24	
184009	500	04	
184016	56c	22	
184018	509	83	05	f5	01	bf	03	
184018	55c	24	
184018	524	00	00	00	00	05	00	05	09	
184018	504	00	1a	01	
184020	500	04	
184027	504	00	1b	01	
184031	500	04	
184038	504	00	1b	01	
184044	500	04	
184049	504	00	1a	01	
184052	50c	b0	01	00	
184052	512	00	00	00	00	
184054	513	00	00	00	00	
184054	500	04	
184056	508	00	00	11	00	01	
184057	550	2a	2a	2b	00	
184059	540	08	a0	00	0d	c0	00	
184059	560	23	
184060	544	0b	20	17	09	b0	03	
184060	504	00	1a	01	
184063	534	19	08	
184065	500	04	
184071	504	00	1a	01	
184076	500	04	
184077	548	10	c0	00	5b	c0	00	
184082	504	00	1a	01	
184087	500	04	
184090	520	00	09	05	05	03	04	05	04	
184093	528	00	
184093	54c	0d	c0	00	0b	80	00	
184096	504	00	1b	01	
184096	538	00	00	0a	06	40	06	0a	02	
184098	564	28	
184099	510	7a	05	00	
184100	500	04	
184101	514	00	04	00	
184104	504	00	1a	01	
184106	52c	00	
184107	508	00	00	11	00	01	
184110	500	04	
184115	504	00	1b	01	
184117	524	00	00	00	00	05	00	05	09	
184121	500	04	
184126	504	00	1a	01	
184132	500	04	
184137	504	00	1a	01	
184143	500	04	
184148	504	00	1a	01	
184153	50c	b6	01	00	
184153	512	00	00	00	00	
184156	513	00	00	00	00	
184156	500	04	
184158	508	00	00	11	00	01	
184158	554	00	00	00	00	
184159	504	00	1a	01	
184160	540	08	b0	00	0d	c0	00	
184161	544	0b	d0	14	09	b0	03	
184164	534	fe	07	
184166	500	04	
184170	504	00	1a	01	
184177	500	04	
184179	548	10	c0	00	8d	b0	00	
184181	504	00	1a	01	
184186	570	27	
184188	500	04	
184191	520	00	09	05	05	03	04	05	04	
184192	504	00	1b	01	
184193	528	00	
184194	54c	0d	c0	00	0c	80	00	
184196	538	00	00	0a	06	40	06	0a	02	
184199	564	28	
184199	500	04	
184200	510	78	05	00	
184202	514	00	04	00	
184203	504	00	1a	01	
184208	52c	00	
184209	508	00	00	11	00	01	
184210	568	24	
184211	500	04	
184214	504	00	1a	01	
184217	56c	22	
184217	509	8a	05	f5	01	cc	03	
184217	55c	24	
184219	524	00	00	00	00	05	00	05	09	
184222	500	04	
184225	504	00	1a	01	
184233	500	04	
184236	504	00	1b	01	
184244	500	04	
184247	504	00	1a	01	
184254	50c	b7	01	00	
184254	512	00	00	00	00	
184255	500	04	
184256	513	00	00	00	00	
184258	504	00	1a	01	
184259	550	2a	2a	2b	00	
184260	560	23	
184260	508	00	00	11	00	01	
184262	540	09	a0	00	0d	c0	00	
184262	544	0b	e0	16	09	b0	03	
184265	534	13	08	
184267	500	04	
184269	504	00	1b	01	
184278	500	04	
184280	504	00	1a	01	
184281	548	10	c0	00	8d	b0	00	
184289	500	04	
184291	504	00	1b	01	
184292	520	00	09	05	05	03	04	05	04	
184295	54c	0d	c0	00	0b	80	00	
184299	528	00	
184300	538	00	00	0a	06	40	06	0a	02	
184300	500	04	
184300	564	28	
184300	510	78	05	00	
184302	504	00	1a	01	
184303	514	00	04	00	
184309	52c	00	
184311	500	04	
184311	508	00	00	11	00	01	
184314	504	00	1a	01	
184321	524	00	00	00	00	05	00	05	09	
184323	500	04	
184324	504	00	1a	01	
184334	500	04	
184335	504	00	1a	01	
184344	500	04	
184346	504	00	1a	01	
184355	50c	bb	01	00	
184355	512	00	00	00	00	
184358	500	04	
184359	513	00	00	00	00	
184359	504	00	1a	01	
184359	554	00	00	00	00	
184362	508	00	00	11	00	01	
184362	540	08	b0	00	0d	c0	00	
184363	544	0b	10	16	09	b0	03	
184366	534	f8	07	
184366	500	04	
184368	504	00	1a	01	
184379	500	04	
184380	504	00	1b	01	
184382	548	10	c0	00	8c	b0	00	
184387	570	27	
184390	500	04	
184390	504	00	1a	01	
184393	520	00	09	05	05	03	04	05	04	
184396	54c	0d	c0	00	0b	80	00	
184398	538	00	00	0a	06	40	06	0a	02	
184398	528	00	
184401	500	04	
184402	564	28	
184402	504	00	1a	01	
184403	510	78	05	00	
184404	514	00	04	00	
184410	52c	00	
184411	568	24	
184411	500	04	
184412	504	00	1a	01	
184413	508	00	00	11	00	01	
184418	56c	22	
184418	509	8a	05	f5	01	c7	03	
184418	55c	24	
184422	500	04	
184423	524	00	00	00	00	05	00	05	09	
184423	504	00	1b	01	
184434	504	00	1a	01	
184435	500	04	
184445	504	00	1a	01	
184445	500	04	
184456	50c	b4	01	00	
184456	512	00	00	00	00	
184456	500	04	
184456	504	00	1b	01	
184458	513	00	00	00	00	
184460	550	2a	2a	2b	00	
184461	560	23	
184464	508	00	00	11	00	01	
184464	540	08	a0	00	0d	c0	00	
184464	544	0b	c0	18	09	b0	03	
184467	534	ff	07	
184467	500	04	
184467	504	00	1a	01	
184478	500	04	
184478	504	00	1b	01	
184483	548	10	c0	00	8a	b0	00	
184489	504	00	1a	01	
184491	500	04	
184495	520	00	09	05	05	03	04	05	04	
184498	54c	0d	b0	00	0b	80	00	
184501	528	00	
184501	538	00	00	0a	06	40	06	0a	02	
184501	504	00	1a	01	
184501	500	04	
184502	564	28	
184504	510	78	05	00	
184505	514	00	04	00	
184511	52c	00	
184511	504	00	1a	01	
184512	500	04	
184515	508	00	00	11	00	01	
184522	504	00	1a	01	
184523	500	04	
184524	524	00	00	00	00	05	00	05	09	
184533	504	00	1a	01	
184534	500	04	
184544	504	00	1a	01	
184547	500	04	
184555	504	00	1b	01	
184557	50c	b4	01	00	
184559	512	00	00	00	00	
184560	500	04	
184560	513	00	00	00	00	
184560	554	00	00	00	00	
184565	540	08	b0	00	0d	c0	00	
184565	544	0c	30	19	09	b0	03	
184566	508	00	00	11	00	01	
184566	504	00	1a	01	
184568	500	04	
184568	534	fe	07	
184577	504	00	1a	01	
184579	500	04	
184584	548	10	c0	00	8b	b0	00	
184588	504	00	1a	01	
184588	570	27	
184590	500	04	
184596	520	00	09	05	05	03	04	05	04	
184599	504	00	1a	01	
184600	54c	0d	c0	00	0b	80	00	
184600	538	00	00	0a	06	40	06	0a	02	
184603	528	00	
184603	564	28	
184603	500	04	
184605	510	78	05	00	
184606	514	00	04	00	
184610	504	00	1a	01	
184612	568	24	
184612	52c	00	
184613	500	04	
184617	508	00	00	11	00	01	
184620	56c	22	
184620	509	8a	05	f5	01	c3	03	
184620	55c	24	
184621	504	00	1a	01	
184624	500	04	
184625	524	00	00	00	00	05	00	05	09	
184632	504	00	1a	01	
184635	500	04	
184643	504	00	1b	01	
184646	500	04	
184654	504	00	1a	01	
184658	50c	b5	01	00	
184658	512	00	00	00	00	
184659	500	04	
184660	513	00	00	00	00	
184661	550	2a	2a	2b	00	
184662	560	23	
184665	504	00	1a	01	
184666	540	08	b0	00	0d	c0	00	
184667	544	0b	b0	17	09	b0	03	
184669	508	00	00	11	00	01	
184670	534	f9	07	
184670	500	04	
184676	504	00	1a	01	
184680	500	04	
184685	548	10	c0	00	88	b0	00	
184687	504	00	1b	01	
184691	500	04	
184698	504	00	1a	01	
184699	520	00	09	05	05	03	04	05	04	
184701	54c	0d	b0	00	0b	80	00	
184702	538	00	00	0a	06	40	06	0a	02	
184702	528	00	
184702	500	04	
184704	564	28	
184707	514	00	04	00	
184707	510	79	05	00	
184709	504	00	1a	01	
184715	500	04	
184715	52c	00	
184719	508	00	00	11	00	01	
184720	504	00	1a	01	
184725	500	04	
184726	524	00	00	00	00	05	00	05	09	
184731	504	00	1b	01	
184736	500	04	
184742	504	00	1b	01	
184747	500	04	
184753	504	00	1a	01	
184758	500	04	
184760	50c	bd	01	00	
184760	512	00	00	00	00	
184761	554	00	00	00	00	
184761	513	00	00	00	00	
184764	504	00	1b	01	
184768	540	08	b0	00	0d	c0	00	
184768	544	0b	c0	17	09	b0	03	
184769	534	06	08	
184770	508	00	00	11	00	01	
184771	500	04	
184775	504	00	1a	01	
184781	500	04	
184786	548	10	c0	00	8b	b0	00	
184786	504	00	1b	01	
184789	570	27	
184792	500	04	
184797	504	00	1a	01	
184800	520	00	09	05	05	03	04	05	04	
184801	528	00	
184802	538	00	00	0a	06	40	06	0a	02	
184805	500	04	
184806	54c	0d	c0	00	0b	80	00	
184806	564	28	
184808	510	78	05	00	
184808	514	00	04	00	
184808	504	00	1a	01	
184813	568	24	
184814	500	04	
184815	52c	00	
184819	504	00	1b	01	
184822	56c	22	
184822	508	00	00	11	00	01	
184822	55c	24	
184822	509	8a	05	f5	01	bd	03	
184826	500	04	
184827	524	00	00	00	00	05	00	05	09	
184830	504	00	1b	01	
184837	500	04	
184841	504	00	1b	01	
184848	500	04	
184852	504	00	1a	01	
184859	500	04	
184860	512	00	00	00	00	
184860	50c	b8	01	00	
184861	550	2a	2a	2b	00	
184862	513	00	00	00	00	
184862	560	23	
184863	504	00	1a	01	
184869	540	08	b0	00	0d	c0	00	
184869	544	0b	a0	16	09	b0	03	
184872	500	04	
184872	534	fe	07	
184873	508	00	00	11	00	01	
184874	504	00	1a	01	
184882	500	04	
184885	504	00	1a	01	
184887	548	10	c0	00	8b	b0	00	
184893	500	04	
184896	504	00	1a	01	
184902	520	00	09	05	05	03	04	05	04	
184905	538	00	00	0a	06	40	06	0a	02	
184905	528	00	
184905	500	04	
184905	54c	0d	c0	00	0b	80	00	
184906	564	28	
184907	504	00	1a	01	
184909	510	78	05	00	
184909	514	00	04	00	
184915	500	04	
184917	52c	00	
184919	504	00	1b	01	
184924	508	00	00	11	00	01	
184926	500	04	
184928	524	00	00	00	00	05	00	05	09	
184929	504	00	1a	01	
184938	500	04	
184940	504	00	1a	01	
184949	500	04	
184951	504	00	1a	01	
184960	500	04	
184962	50c	b8	01	00	
184962	512	00	00	00	00	
184962	554	00	00	00	00	
184963	504	00	1a	01	
184963	513	00	00	00	00	
184971	540	08	a0	00	0d	c0	00	
184971	500	04	
184971	544	0b	80	15	09	a0	03	
184973	534	02	08	
184973	504	00	1a	01	
184976	508	00	00	11	00	01	
184981	500	04	
184984	504	00	1b	01	
184988	548	10	c0	00	87	b0	00	
184990	570	27	
184994	500	04	
184995	504	00	1b	01	
185003	520	00	09	05	05	03	04	05	04	
185004	538	00	00	0a	06	40	06	0a	02	
185004	528	00	
185007	500	04	
185007	54c	0d	c0	00	0b	80	00	
185007	504	00	1a	01	
185007	564	28	
185010	514	00	04	00	
185011	510	78	05	00	
185014	568	24	
185015	500	04	
185017	504	00	1a	01	
185018	52c	00	
185021	56c	22	
185023	509	8d	05	dc	02	ba	03	
185023	55c	24	
185026	508	00	00	11	00	01	
185027	500	04	
185028	504	00	1a	01	
185029	524	00	00	00	00	05	00	05	09	
185037	500	04	
185039	504	00	1a	01	
185050	500	04	
185052	504	00	1b	01	
185060	500	04	
185061	504	00	1a	01	
185062	50c	bb	01	00	
185062	512	00	00	00	00	
185062	550	2a	2a	2b	00	
185064	560	23	
185064	513	00	00	00	00	
185071	500	04	
185072	540	08	a0	00	0d	c0	00	
185075	504	00	1a	01	
185075	544	0b	d0	17	09	a0	03	
185075	534	00	08	
185077	508	00	00	11	00	01	
185082	500	04	
185083	504	00	1a	01	
185089	548	10	c0	00	86	c0	00	
185093	500	04	
185094	504	00	1a	01	
185103	520	00	09	05	05	03	04	05	04	
185106	528	00	
185106	538	00	00	0a	06	40	06	0a	02	
185106	504	00	1a	01	
185106	54c	0d	c0	00	0b	80	00	
185106	500	04	
185108	564	28	
185111	514	00	04	00	
185112	510	78	05	00	
185116	500	04	
185116	504	00	1a	01	
185119	52c	00	
185127	500	04	
185127	504	00	1a	01	
185128	508	00	00	11	00	01	
185130	524	00	00	00	00	05	00	05	09	
185138	500	04	
185138	504	00	1a	01	
185149	500	04	
185149	504	00	1a	01	
185160	504	00	1a	01	
185163	500	04	
185163	50c	b3	01	00	
185163	512	00	00	00	00	
185163	554	00	00	00	00	
185165	513	00	00	00	00	
185171	504	00	1a	01	
185172	500	04	
185174	540	08	b0	00	0d	c0	00	
185174	544	0b	20	18	09	b0	03	
185175	534	fc	07	
185179	508	00	00	11	00	01	
185182	504	00	1a	01	
185183	500	04	
185190	548	10	c0	00	7e	c0	00	
185191	570	27	
185193	504	00	1a	01	
185194	500	04	
185204	504	00	1a	01	
185205	500	04	
185205	520	00	09	05	05	03	04	05	04	
185208	538	00	00	0a	06	40	06	08	02	
185209	528	00	
185209	54c	0d	c0	00	0c	80	00	
185210	564	28	
185212	514	00	04	00	
185213	510	78	05	00	
185215	568	24	
185215	504	00	1b	01	
185218	500	04	
185220	52c	00	
185224	56c	22	
185225	509	8a	05	b8	05	b1	03	
185225	55c	24	
185226	504	00	1b	01	
185228	500	04	
185230	508	00	00	11	00	01	
185231	524	00	00	00	00	05	00	05	09	
185237	504	00	1a	01	
185239	500	04	
185248	504	00	1a	01	
185251	500	04	
185259	504	00	1a	01	
185261	500	04	
185264	550	2a	2a	2b	00	
185264	50c	c4	01	00	
185265	512	00	00	00	00	
185265	560	23	
185266	513	00	00	00	00	
185270	504	00	1a	01	
185274	500	04	
185276	540	08	a0	00	0d	c0	00	
185276	544	0b	60	18	09	b0	03	
185277	534	fc	07	
185281	508	00	00	11	00	01	
185281	504	00	1a	01	
185284	500	04	
185291	548	10	c0	00	71	b0	00	
185292	504	00	1a	01	
185295	500	04	
185303	504	00	1b	01	
185306	500	04	
185306	520	00	09	05	05	03	04	05	04	
185307	538	00	00	0a	06	40	06	01	02	
185307	528	00	
185308	54c	0d	c0	00	0b	80	00	
185310	564	28	
185313	514	00	04	00	
185314	504	00	1b	01	
185315	510	77	05	00	
185317	500	04	
185321	52c	00	
185325	504	00	1b	01	
185330	500	04	
185332	508	00	00	10	00	01	
185332	524	00	00	00	00	05	00	05	09	
185336	504	00	1a	01	
185340	500	04	
185347	504	00	1a	01	
185351	500	04	
185358	504	00	1a	01	
185362	500	04	
185364	554	00	00	00	00	
185365	50c	bb	01	00	
185365	512	00	00	00	00	
185367	513	00	00	00	00	
185369	504	00	1a	01	
185373	500	04	
185375	540	08	b0	00	0d	c0	00	
185376	544	0c	b0	16	09	b0	03	
185378	534	04	08	
185380	504	00	1a	01	
185383	508	00	00	11	00	01	
185386	500	04	
185391	504	00	1a	01	
185392	548	10	c0	00	72	b0	00	
185392	570	27	
185396	500	04	
185402	504	00	1b	01	
185407	500	04	
185407	528	00	
185410	520	00	09	05	05	03	04	05	04	
185410	538	00	00	0a	06	40	06	fe	01	
185410	54c	0d	c0	00	0b	80	00	
185411	564	28	
185413	504	00	1a	01	
185414	514	00	04	00	
185416	510	79	05	00	
185416	568	24	
185418	500	04	
185422	52c	00	
185424	56c	22	
185424	504	00	1b	01	
185425	509	89	05	b8	05	a8	03	
185425	55c	24	
185429	500	04	
185433	524	00	00	00	00	05	00	05	09	
185434	508	00	00	10	00	01	
185435	504	00	1b	01	
185441	500	04	
185446	504	00	1a	01	
185452	500	04	
185457	504	00	1a	01	
185463	500	04	
185465	550	2a	2a	2b	00	
185466	50c	bc	01	00	
185466	512	00	00	00	00	
185467	560	23	
185468	513	00	00	00	00	
185468	504	00	1a	01	
185474	500	04	
185477	540	08	a0	00	0d	c0	00	
185478	544	0b	f0	15	09	b0	03	
185478	534	01	08	
185479	504	00	1a	01	
185485	500	04	
185485	508	00	00	11	00	01	
185490	504	00	1a	01	
185493	548	10	c0	00	68	b0	00	
185497	500	04	
185501	504	00	1a	01	
185508	500	04	
185509	538	00	00	0a	06	40	06	f9	01	
185509	528	00	
185509	520	00	09	05	05	03	04	05	04	
185510	54c	0d	c0	00	0b	80	00	
185512	564	28	
185512	504	00	1a	01	
185515	514	00	04	00	
185517	510	78	05	00	
185519	500	04	
185523	52c	00	
185523	504	00	1b	01	
185530	500	04	
185534	524	00	00	00	00	05	00	05	09	
185534	504	00	1a	01	
185536	508	00	00	0f	00	01	
185541	500	04	
185545	504	00	1a	01	
185553	500	04	
185556	504	00	1a	01	
185564	500	04	
185565	554	00	00	00	00	
185567	50c	b3	01	00	
185567	512	00	00	00	00	
185568	504	00	1a	01	
185569	513	00	00	00	00	
185575	500	04	
185578	540	08	a0	00	0d	c0	00	
185578	544	0b	f0	17	09	b0	03	
185578	504	00	1a	01	
185581	534	1e	08	
185585	500	04	
185587	508	00	00	11	00	01	
185589	504	00	1a	01	
185593	570	27	
185594	548	10	c0	00	66	c0	00	
185596	500	04	
185600	504	00	1b	01	
185609	500	04	
185610	538	00	00	0a	06	40	06	fa	01	
185613	520	00	09	05	05	03	04	05	04	
185614	528	00	
185614	54c	0d	c0	00	0b	80	00	
185614	504	00	1b	01	
185614	564	28	
185616	514	00	04	00	
185617	568	24	
185619	510	77	05	00	
185620	500	04	
185622	504	00	1b	01	
185625	56c	22	
185625	52c	00	
185626	509	88	05	ba	05	a7	03	
185626	55c	24	
185630	500	04	
185633	504	00	1a	01	
185635	524	00	00	00	00	05	00	05	09	
185638	508	00	00	0f	00	01	
185641	500	04	
185644	504	00	1a	01	
185652	500	04	
185655	504	00	1a	01	
185665	500	04	
185666	550	2a	2a	2b	00	
185666	504	00	1a	01	
185668	560	23	
185668	50c	b8	01	00	
185668	512	00	00	00	00	
185670	513	00	00	00	00	
185675	500	04	
185678	504	00	1b	01	
185679	540	08	b0	00	0d	c0	00	
185679	544	0b	70	16	09	b0	03	
185680	534	fe	07	
185686	500	04	
185688	504	00	1a	01	
185689	508	00	00	11	00	01	
185695	548	10	c0	00	61	c0	00	
185697	500	04	
185699	504	00	1a	01	
185708	500	04	
185710	504	00	1a	01	
185711	538	00	00	0a	06	40	06	fe	01	
185711	528	00	
185711	520	00	09	05	05	03	04	05	04	
185712	54c	0d	c0	00	0b	80	00	
185714	564	28	
185717	514	00	04	00	
185720	510	79	05	00	
185721	500	04	
185723	504	00	1a	01	
185725	52c	00	
185731	500	04	
185732	504	00	1a	01	
185736	524	00	00	00	00	05	00	05	09	
185740	508	00	00	10	00	01	
185742	500	04	
185743	504	00	1a	01	
185753	500	04	
185754	504	00	1b	01	
185764	500	04	
185765	504	00	1a	01	
185766	554	00	00	00	00	
185769	50c	b5	01	00	
185769	512	00	00	00	00	
185771	513	00	00	00	00	
185776	504	00	1a	01	
185777	500	04	
185780	540	08	b0	00	0d	c0	00	
185780	544	0b	a0	17	09	c0	03	
185783	534	1b	08	
185787	500	04	
185787	504	00	1a	01	
185791	508	00	00	11	00	01	
185794	570	27	
185796	548	10	c0	00	58	c0	00	
185798	500	04	
185798	504	00	1b	01	
185809	500	04	
185809	504	00	1a	01	
185812	538	00	00	0a	06	40	06	fd	01	
185812	528	00	
185812	520	00	09	05	05	03	04	05	04	
185813	54c	0d	c0	00	0c	80	00	
185815	564	28	
185818	514	00	04	00	
185818	568	24	
185820	500	04	
185820	504	00	1a	01	
185821	510	78	05	00	
185825	56c	22	
185826	52c	00	
185827	509	83	05	bc	05	a6	03	
185828	55c	24	
185831	504	00	1b	01	
185833	500	04	
185837	524	00	00	00	00	05	00	05	09	
185842	508	00	00	10	00	01	
185842	504	00	1b	01	
185843	500	04	
185853	504	00	1a	01	
185854	500	04	
185864	504	00	1a	01	
185865	500	04	
185867	550	2a	2a	2b	00	
185869	560	23	
185870	50c	b4	01	00	
185870	512	00	00	00	00	
185872	513	00	00	00	00	
185875	504	00	1b	01	
185878	500	04	
185881	540	08	b0	00	0d	c0	00	
185881	544	0b	20	17	09	b0	03	
185882	534	f9	07	
185886	504	00	1a	01	
185889	500	04	
185893	508	00	00	10	00	01	
185897	548	10	c0	00	5a	c0	00	
185897	504	00	1b	01	
185899	500	04	
185908	504	00	1a	01	
185910	500	04	
185913	528	00	
185913	520	00	09	05	05	03	04	05	04	
185913	538	00	00	0a	06	40	06	02	02	
185914	54c	0d	c0	00	0b	80	00	
185916	564	28	
185919	514	00	04	00	
185919	504	00	1a	01	
185921	500	04	
185924	510	78	05	00	
185927	52c	00	
185930	504	00	1a	01	
185932	500	04	
185938	524	00	00	00	00	05	00	05	09	
185941	504	00	1a	01	
185944	508	00	00	10	00	01	
185945	500	04	
185952	504	00	1a	01	
185955	500	04	
185963	504	00	1a	01	
185966	500	04	
185968	554	00	00	00	00	
185971	50c	c5	01	00	
185971	512	00	00	00	00	
185973	513	00	00	00	00	
185974	504	00	1b	01	
185977	500	04	
185982	540	08	b0	00	0d	c0	00	
185982	544	0c	80	16	09	b0	03	
185985	534	1b	08	
185985	504	00	1b	01	
185988	500	04	
185995	508	00	00	10	00	01	
185995	570	27	
185996	504	00	1a	01	
185999	548	10	c0	00	57	b0	00	
186001	500	04	
186007	504	00	1a	01	
186011	500	04	
186014	538	00	00	0a	06	40	06	04	02	
186014	528	00	
186015	520	00	09	05	05	03	04	05	04	
186016	54c	0d	c0	00	0b	80	00	
186017	564	28	
186018	504	00	1a	01	
186019	568	24	
186020	514	00	04	00	
186022	500	04	
186024	510	78	05	00	
186026	56c	22	
186028	52c	00	
186028	509	84	05	bb	05	a7	03	
186028	55c	24	
186029	504	00	1a	01	
186033	500	04	
186039	524	00	00	00	00	05	00	05	09	
186040	504	00	1a	01	
186044	500	04	
186046	508	00	00	10	00	01	
186051	504	00	1b	01	
186056	500	04	
186062	504	00	1b	01	
186067	500	04	
186068	550	2a	2a	2b	00	
186070	560	23	
186072	50c	b4	01	00	
186072	512	00	00	00	00	
186073	504	00	1a	01	
186074	513	00	00	00	00	
186078	500	04	
186083	540	08	b0	00	0d	c0	00	
186083	544	0b	90	14	09	b0	03	
186084	504	00	1a	01	
186085	534	fd	07	
186089	500	04	
186095	504	00	1a	01	
186097	508	00	00	10	00	01	
186100	500	04	
186101	548	10	c0	00	52	c0	00	
186106	504	00	1b	01	
186112	500	04	
186115	528	00	
186115	520	00	09	05	05	03	04	05	04	
186115	538	00	00	0a	06	40	06	07	02	
186116	54c	0d	c0	00	0b	80	00	
186117	504	00	1a	01	
186119	564	28	
186121	514	00	04	00	
186123	500	04	
186127	510	78	05	00	
186128	504	00	1a	01	
186129	52c	00	
186134	500	04	
186139	504	00	1b	01	
186140	524	00	00	00	00	05	00	05	09	
186145	500	04	
186148	508	00	00	11	00	01	
186150	504	00	1a	01	
186156	500	04	
186161	504	00	1a	01	
186168	500	04	
186170	554	00	00	00	00	
186172	504	00	1a	01	
186173	50c	b8	01	00	
186173	512	00	00	00	00	
186175	513	00	00	00	00	
186179	500	04	
186183	504	00	1a	01	
186184	540	08	b0	00	0d	c0	00	
186187	544	0b	b0	15	09	a0	03	
186187	534	18	08	
186190	500	04	
186194	504	00	1a	01	
186196	570	27	
186199	508	00	00	0f	00	01	
186200	500	04	
186203	548	10	c0	00	4c	b0	00	
186205	504	00	1a	01	
186211	500	04	
186215	528	00	
186216	520	00	09	05	05	03	04	05	04	
186216	538	00	00	1c	06	40	06	07	02	
186216	504	00	1a	01	
186217	54c	0d	c0	00	0b	80	00	
186219	564	28	
186220	568	24	
186222	514	00	04	00	
186224	500	04	
186227	56c	22	
186230	510	78	05	00	
186230	504	00	1a	01	
186230	509	83	05	ba	05	a4	03	
186231	55c	24	
186231	52c	00	
186234	500	04	
186238	504	00	1a	01	
186241	524	00	00	00	00	05	00	05	09	
186245	500	04	
186249	504	00	1b	01	
186252	508	00	00	11	00	01	
186256	500	04	
186260	504	00	1b	01	
186267	500	04	
186269	550	2a	2a	2b	00	
186271	560	23	
186271	504	00	1a	01	
186274	50c	ae	01	00	
186274	512	00	00	00	00	
186276	513	00	00	00	00	
186280	500	04	
186282	504	00	1b	01	
186285	540	08	a0	00	0d	c0	00	
186285	544	0b	80	18	08	b0	03	
186287	534	fd	07	
186290	500	04	
186293	504	00	1a	01	
186301	508	00	00	0f	00	01	
186301	500	04	
186304	548	10	c0	00	49	b0	00	
186306	504	00	1b	01	
186312	500	04	
186315	504	00	1a	01	
186317	528	00	
186317	520	00	09	05	05	03	04	05	04	
186317	538	00	00	1c	06	40	06	09	02	
186318	54c	0d	c0	00	0b	80	00	
186320	564	28	
186323	514	00	04	00	
186323	500	04	
186326	504	00	1b	01	
186328	510	77	05	00	
186331	52c	00	
186336	500	04	
186337	504	00	1a	01	
186342	524	00	00	00	00	05	00	05	09	
186346	500	04	
186348	504	00	1c	01	
186352	508	00	00	11	00	01	
186357	500	04	
186360	504	00	1b	01	
186368	500	04	
186370	504	00	1a	01	
186372	554	00	00	00	00	
186375	50c	b9	01	00	
186375	512	00	00	00	00	
186377	513	00	00	00	00	
186379	500	04	
186381	504	00	1a	01	
186386	540	08	b0	00	0d	c0	00	
186388	544	0b	a0	19	09	b0	03	
186389	534	19	08	
186392	500	04	
186392	504	00	1a	01	
186397	570	27	
186402	500	04	
186403	508	00	00	0f	00	01	
186403	504	00	1a	01	
186405	548	10	c0	00	48	b0	00	
186413	500	04	
186416	504	00	1a	01	
186418	528	00	
186419	520	00	09	05	05	03	04	05	04	
186419	538	00	00	1c	06	40	06	09	02	
186420	54c	0d	c0	00	0b	80	00	
186421	564	28	
186421	568	24	
186424	514	00	04	00	
186424	500	04	
186425	504	00	1a	01	
186428	56c	22	
186429	510	78	05	00	
186430	509	86	05	b9	05	9e	03	
186430	55c	24	
186432	52c	00	
186435	500	04	
186436	504	00	1a	01	
186443	524	00	00	00	00	05	00	05	09	
186447	504	00	1b	01	
186448	500	04	
186454	508	00	00	11	00	01	
186458	500	04	
186458	504	00	1b	01	
186469	500	04	
186469	504	00	1a	01	
186470	550	2a	2a	2b	00	
186472	560	23	
186476	512	00	00	00	00	
186477	50c	bb	01	00	
186478	513	00	00	00	00	
186480	500	04	
186480	504	00	1a	01	
186487	540	08	b0	00	0d	c0	00	
186487	544	0b	60	17	09	b0	03	
186489	534	02	08	
186491	500	04	
186491	504	00	1a	01	
186502	504	00	1b	01	
186504	500	04	
186505	508	00	00	0f	00	01	
186508	548	10	c0	00	4e	b0	00	
186513	504	00	1b	01	
186514	500	04	
186519	538	00	00	1c	06	40	06	06	02	
186519	528	00	
186519	520	00	09	05	05	03	04	05	04	
186520	54c	0d	c0	00	0b	80	00	
186522	564	28	
186524	504	00	1a	01	
186525	514	00	04	00	
186527	500	04	
186531	510	78	05	00	
186533	52c	00	
186535	504	00	1a	01	
186536	500	04	
186544	524	00	00	00	00	05	00	05	09	
186546	504	00	1a	01	
186547	500	04	
186556	508	00	00	11	00	01	
186557	504	00	1a	01	
186560	500	04	
186568	504	00	1a	01	
186570	500	04	
186573	554	00	00	00	00	
186577	512	00	00	00	00	
186578	50c	be	01	00	
186579	513	00	00	00	00	
186579	504	00	1b	01	
186581	500	04	
186588	540	08	a0	00	0d	c0	00	
186590	544	0b	30	1a	09	b0	03	
186591	534	1d	08	
186591	504	00	1a	01	
186592	500	04	
186598	570	27	
186601	504	00	1b	01	
186603	500	04	
186607	548	10	c0	00	47	b0	00	
186607	508	00	00	0f	00	01	
186612	504	00	1a	01	
186616	500	04	
186620	538	00	00	1c	06	40	06	04	02	
186621	528	00	
186621	520	00	09	05	05	03	04	05	04	
186621	54c	0d	c0	00	0b	80	00	
186622	568	24	
186623	564	28	
186623	504	00	1a	01	
186626	514	00	04	00	
186626	500	04	
186629	56c	22	
186631	509	82	05	bc	05	94	03	
186631	55c	24	
186632	510	79	05	00	
186634	52c	00	
186634	504	00	1a	01	
186637	500	04	
186645	524	00	00	00	00	05	00	05	09	
186645	504	00	1a	01	
186648	500	04	
186656	504	00	1a	01	
186658	508	00	00	10	00	01	
186659	500	04	
186667	504	00	1a	01	
186671	500	04	
186672	550	2a	2a	2b	00	
186673	560	23	
186678	512	00	00	00	00	
186678	504	00	1b	01	
186679	50c	ac	01	00	
186681	513	00	00	00	00	
186682	500	04	
186689	540	08	b0	00	0d	c0	00	
186690	504	00	1a	01	
186690	544	0b	20	18	09	a0	03	
186691	534	ff	07	
186693	500	04	
186700	504	00	1b	01	
186704	500	04	
186708	548	10	c0	00	48	b0	00	
186710	508	00	00	0f	00	01	
186711	504	00	1a	01	
186715	500	04	
186721	538	00	00	1c	06	40	06	05	02	
186721	528	00	
186722	520	00	09	05	05	03	04	05	04	
186722	54c	0d	c0	00	0b	80	00	
186722	504	00	1c	01	
186724	564	28	
186727	514	00	04	00	
186729	500	04	
186733	510	79	05	00	
186733	504	00	1a	01	
186735	52c	00	
186738	500	04	
186744	504	00	1b	01	
186746	524	00	00	00	00	05	00	05	09	
186749	500	04	
186755	504	00	1b	01	
186760	500	04	
186762	508	00	00	10	00	01	
186766	504	00	1a	01	
186771	500	04	
186774	554	00	00	00	00	
186777	504	00	1a	01	
186779	512	00	00	00	00	
186780	50c	b4	01	00	
186781	513	00	00	00	00	
186783	500	04	
186788	504	00	1a	01	
186791	540	08	a0	00	0d	c0	00	
186791	544	0b	90	17	09	b0	03	
186792	534	02	08	
186794	500	04	
186799	504	00	1a	01	
186800	570	27	
186805	500	04	
186809	548	10	c0	00	47	c0	00	
186810	504	00	1a	01	
186811	508	00	00	10	00	01	
186816	500	04	
186821	504	00	1b	01	
186823	538	00	00	1c	06	40	06	fe	01	
186823	568	24	
186823	54c	0d	c0	00	0b	80	00	
186823	528	00	
186823	520	00	09	05	05	03	04	05	04	
186825	564	28	
186826	500	04	
186828	514	00	04	00	
186830	56c	22	
186832	509	82	05	bc	05	8e	03	
186832	55c	24	
186832	504	00	1b	01	
186835	510	78	05	00	
186836	52c	00	
186839	500	04	
186843	504	00	1a	01	
186847	524	00	00	00	00	05	00	05	09	
186850	500	04	
186854	504	00	1a	01	
186860	500	04	
186862	508	00	00	10	00	01	
186865	504	00	1b	01	
186871	500	04	
186873	550	2a	2a	2b	00	
186874	560	23	
186876	504	00	1a	01	
186880	512	00	00	00	00	
186881	50c	c0	01	00	
186883	513	00	00	00	00	
186883	500	04	
186887	504	00	1a	01	
186892	540	08	b0	00	0d	c0	00	
186892	544	0b	a0	15	09	b0	03	
186893	534	05	08	
186895	500	04	
186898	504	00	1a	01	
186905	500	04	
186909	504	00	1a	01	
186912	548	10	c0	00	49	b0	00	
186913	508	00	00	10	00	01	
186916	500	04	
186920	504	00	1a	01	
186923	538	00	00	1c	06	40	06	fb	01	
186923	528	00	
186924	520	00	09	05	05	03	04	05	04	
186924	54c	0d	c0	00	0b	80	00	
186926	564	28	
186927	500	04	
186930	514	00	04	00	
186931	504	00	1a	01	
186936	510	78	05	00	
186937	52c	00	
186938	500	04	
186942	504	00	1b	01	
186948	524	00	00	00	00	05	00	05	09	
186951	500	04	
186953	504	00	1a	01	
186961	500	04	
186964	508	00	00	10	00	01	
186964	504	00	1b	01	
186972	500	04	
186975	554	00	00	00	00	
186975	504	00	1b	01	
186981	512	00	00	00	00	
186982	50c	c0	01	00	
186983	513	00	00	00	00	
186983	500	04	
186986	504	00	1a	01	
186993	540	08	b0	00	0d	c0	00	
186995	534	04	08	
186995	544	0b	e0	16	09	b0	03	
186995	500	04	
186997	504	00	1a	01	
187000	570	27	
187007	500	04	
187008	504	00	1a	01	
187011	548	10	c0	00	49	b0	00	
187015	508	00	00	10	00	01	
187017	500	04	
187019	504	00	1a	01	
187024	568	24	
187024	538	00	00	1c	06	40	06	fb	01	
187025	528	00	
187025	520	00	09	05	05	03	04	05	04	
187026	54c	0d	c0	00	0b	80	00	
187027	564	28	
187028	500	04	
187030	514	00	04	00	
187032	504	00	1b	01	
187033	56c	22	
187033	509	82	05	bb	05	87	03	
187033	55c	24	
187037	510	78	05	00	
187038	52c	00	
187039	500	04	
187041	504	00	1a	01	
187050	524	00	00	00	00	05	00	05	09	
187050	500	04	
187054	504	00	1b	01	
187063	500	04	
187063	504	00	1a	01	
187066	508	00	00	0f	00	01	
187073	500	04	
187074	550	2a	2a	2b	00	
187074	504	00	1a	01	
187075	560	23	
187082	512	00	00	00	00	
187083	50c	b1	01	00	
187085	513	00	00	00	00	
187086	500	04	
187086	504	00	1a	01	
187094	540	08	a0	00	0d	c0	00	
187094	544	0b	20	15	09	b0	03	
187095	534	04	08	
187096	500	04	
187096	504	00	1b	01	
187106	500	04	
187107	504	00	1a	01	
187112	548	10	c0	00	44	b0	00	
187117	508	00	00	11	00	01	
187118	504	00	1a	01	
187119	500	04	
187125	538	00	00	1c	06	40	06	f7	01	
187126	528	00	
187126	520	00	09	05	05	03	04	05	04	
187126	54c	0d	c0	00	0b	80	00	
187128	564	28	
187129	500	04	
187132	504	00	1a	01	
187132	514	00	04	00	
187139	52c	00	
187139	510	78	05	00	
187140	500	04	
187140	504	00	1b	01	
187151	500	04	
187151	504	00	1a	01	
187152	524	00	00	00	00	05	00	05	09	
187162	500	04	
187164	504	00	1a	01	
187168	508	00	00	0f	00	01	
187173	504	00	1a	01	
187175	500	04	
187177	554	00	00	00	00	
187183	512	00	00	00	00	
187184	50c	ad	01	00	
187184	504	00	1b	01	
187185	513	00	00	00	00	
187185	500	04	
187195	540	08	b0	00	0d	c0	00	
187195	544	0b	f0	16	09	b0	03	
187196	504	00	1a	01	
187196	500	04	
187196	534	fb	07	
187201	570	27	
187206	504	00	1a	01	
187207	500	04	
187213	548	10	c0	00	40	b0	00	
187217	504	00	1a	01	
187220	500	04	
187220	508	00	00	11	00	01	
187225	568	24	
187226	538	00	00	0a	06	52	06	f7	01	
187227	54c	0d	c0	00	0b	80	00	
187227	528	00	
187227	520	00	09	05	05	03	04	05	04	
187228	504	00	1a	01	
187229	564	28	
187231	500	04	
187233	514	00	04	00	
187233	56c	22	
187234	509	85	05	ba	05	83	03	
187234	55c	24	
187240	510	78	05	00	
187240	52c	00	
187240	504	00	1a	01	
187241	500	04	
187250	504	00	1a	01	
187252	500	04	
187254	524	00	00	00	00	05	00	05	09	
187261	504	00	1a	01	
187263	500	04	
187270	508	00	00	0f	00	01	
187272	504	00	1a	01	
187274	500	04	
187275	550	2a	2a	2b	00	
187276	560	23	
187283	504	00	1a	01	
187284	512	00	00	00	00	
187286	50c	b4	01	00	
187286	513	00	00	00	00	
187287	500	04	
187294	504	00	1a	01	
187296	540	08	b0	00	0d	c0	00	
187296	544	0b	50	16	09	b0	03	
187297	500	04	
187297	534	15	08	
187305	504	00	1a	01	
187308	500	04	
187314	548	10	c0	00	43	b0	00	
187316	504	00	1a	01	
187319	500	04	
187321	508	00	00	0f	00	01	
187327	538	00	00	0a	06	52	06	f7	01	
187327	504	00	1b	01	
187328	528	00	
187328	520	00	09	05	05	03	04	05	04	
187328	54c	0d	c0	00	0b	80	00	
187330	500	04	
187332	564	28	
187333	514	00	04	00	
187338	504	00	1b	01	
187341	510	79	05	00	
187341	52c	00	
187342	500	04	
187349	504	00	1a	01	
187353	500	04	
187355	524	00	00	00	00	05	00	05	09	
187360	504	00	1a	01	
187364	500	04	
187371	504	00	1b	01	
187372	508	00	00	11	00	01	
187375	500	04	
187378	554	00	00	00	00	
187382	504	00	1b	01	
187385	512	00	00	00	00	
187386	500	04	
187386	50c	ae	01	00	
187387	513	00	00	00	00	
187393	504	00	1a	01	
187398	500	04	
187401	540	08	a0	00	0d	c0	00	
187401	534	16	08	
187401	544	0b	a0	18	09	b0	03	
187402	570	27	
187404	504	00	1b	01	
187409	500	04	
187415	548	10	c0	00	40	b0	00	
187415	504	00	1a	01	
187420	500	04	
187423	508	00	00	0f	00	01	
187426	568	24	
187426	504	00	1a	01	
187428	538	00	00	0a	06	52	06	f8	01	
187428	528	00	
187429	520	00	09	05	05	03	04	05	04	
187429	54c	0d	c0	00	0b	80	00	
187430	500	04	
187431	564	28	
187433	56c	22	
187434	514	00	04	00	
187435	509	86	05	ba	05	80	03	
187435	55c	24	
187437	504	00	1a	01	
187442	500	04	
187442	52c	00	
187443	510	79	05	00	
187448	504	00	1a	01	
187454	500	04	
187457	524	00	00	00	00	05	00	05	09	
187459	504	00	1a	01	
187465	500	04	
187470	504	00	1a	01	
187474	508	00	00	11	00	01	
187475	500	04	
187476	550	2a	2a	2b	00	
187477	560	23	
187481	504	00	1a	01	
187486	512	00	00	00	00	
187488	500	04	
187489	50c	bd	01	00	
187489	513	00	00	00	00	
187492	504	00	1a	01	
187497	500	04	
187502	540	08	b0	00	0d	c0	00	
187502	534	ff	07	
187503	544	0b	40	17	09	b0	03	
187503	504	00	1a	01	
187510	500	04	
187514	504	00	1a	01	
187517	548	10	c0	00	41	b0	00	
187520	500	04	
187525	508	00	00	0f	00	01	
187525	504	00	1a	01	
187529	538	00	00	0a	06	52	06	f8	01	
187530	54c	0d	b0	00	0b	80	00	
187530	520	00	09	05	05	03	04	05	04	
187530	528	00	
187531	500	04	
187534	564	28	
187535	514	00	04	00	
187536	504	00	1a	01	
187542	500	04	
187544	510	78	05	00	
187544	52c	00	
187547	504	00	1a	01	
187553	500	04	
187557	524	00	00	00	00	05	00	05	09	
187558	504	00	1d	01	
187566	500	04	
187569	504	00	1a	01	
187576	508	00	00	10	00	01	
187576	500	04	
187579	554	00	00	00	00	
187580	504	00	1a	01	
187587	512	00	00	00	00	
187587	500	04	
187588	50c	a7	01	00	
187589	513	00	00	00	00	
187591	504	00	1a	01	
187598	500	04	
187602	504	00	1a	01	
187603	540	08	b0	00	0d	c0	00	
187603	534	1d	08	
187603	544	0b	90	16	09	b0	03	
187603	570	27	
187609	500	04	
187613	504	00	1b	01	
187619	548	10	c0	00	42	c0	00	
187622	500	04	
187624	504	00	1a	01	
187627	568	24	
187627	508	00	00	0f	00	01	
187630	538	00	00	0a	06	52	06	f9	01	
187630	528	00	
187631	520	00	09	05	05	03	04	05	04	
187631	54c	0d	c0	00	0b	80	00	
187632	500	04	
187633	564	28	
187635	56c	22	
187635	504	00	1a	01	
187636	514	00	04	00	
187636	509	86	05	b8	05	82	03	
187636	55c	24	
187643	500	04	
187645	510	79	05	00	
187646	52c	00	
187646	504	00	1a	01	
187654	500	04	
187657	504	00	1a	01	
187659	524	00	00	00	00	05	00	05	09	
187665	500	04	
187668	504	00	1a	01	
187677	550	2a	2a	2b	00	
187678	560	23	
187678	500	04	
187678	508	00	00	10	00	01	
187679	504	00	1a	01	
187688	512	00	00	00	00	
187690	500	04	
187690	50c	bb	01	00	
187690	513	00	00	00	00	
187691	504	00	1a	01	
187699	500	04	
187701	504	00	1a	01	
187704	540	08	b0	00	0d	c0	00	
187704	534	04	08	
187704	544	0c	60	16	09	b0	03	
187710	500	04	
187713	504	00	1b	01	
187719	548	10	c0	00	44	b0	00	
187721	500	04	
187723	504	00	1a	01	
187729	508	00	00	10	00	01	
187731	538	00	00	0a	06	52	06	fc	01	
187732	54c	0d	c0	00	0b	80	00	
187732	528	00	
187732	520	00	09	05	05	03	04	05	04	
187734	564	28	
187736	500	04	
187736	504	00	1b	01	
187737	514	00	04	00	
187744	500	04	
187745	504	00	1a	01	
187747	510	78	05	00	
187748	52c	00	
187755	500	04	
187756	504	00	1a	01	
187761	524	00	00	00	00	05	00	05	09	
187766	500	04	
187767	504	00	1a	01	
187777	500	04	
187778	504	00	1a	01	
187780	554	00	00	00	00	
187780	508	00	00	10	00	01	
187789	512	00	00	00	00	
187789	504	00	1a	01	
187790	500	04	
187790	50c	c3	01	00	
187792	513	00	00	00	00	
187800	500	04	
187800	504	00	1a	01	
187804	570	27	
187805	540	08	a0	00	0d	c0	00	
187805	534	fc	07	
187805	544	0b	40	17	09	b0	03	
187811	500	04	
187811	504	00	1a	01	
187820	548	10	c0	00	48	c0	00	
187823	500	04	
187823	504	00	1a	01	
187828	568	24	
187831	508	00	00	10	00	01	
187832	538	00	00	0a	06	52	06	ff	01	
187832	528	00	
187833	520	00	09	05	05	03	04	05	04	
187833	500	04	
187833	54c	0d	c0	00	0b	80	00	
187833	504	00	1a	01	
187836	564	28	
187836	56c	22	
187837	509	86	05	b8	05	84	03	
187837	55c	24	
187838	514	00	04	00	
187844	504	00	1b	01	
187846	500	04	
187848	510	78	05	00	
187849	52c	00	
187855	504	00	1b	01	
187858	500	04	
187863	524	00	00	00	00	05	00	05	09	
187866	504	00	1a	01	
187867	500	04	
187877	504	00	1a	01	
187878	500	04	
187878	550	2a	2a	2b	00	
187879	560	23	
187882	508	00	00	0f	00	01	
187888	504	00	1a	01	
187891	500	04	
187891	512	00	00	00	00	
187891	50c	b7	01	00	
187892	513	00	00	00	00	
187899	504	00	1a	01	
187901	500	04	
187906	540	08	a0	00	0d	c0	00	
187906	534	05	08	
187906	544	0b	d0	15	09	b0	03	
187910	504	00	1a	01	
187913	500	04	
187921	504	00	1a	01	
187922	548	10	c0	00	47	c0	00	
187923	500	04	
187932	504	00	1a	01	
187933	508	00	00	10	00	01	
187933	538	00	00	0a	06	52	06	01	02	
187934	500	04	
187934	528	00	
187934	520	00	09	05	05	03	04	05	04	
187937	54c	0d	c0	00	0c	80	00	
187937	564	28	
187939	514	00	04	00	
187943	504	00	1b	01	
187945	500	04	
187949	510	77	05	00	
187951	52c	00	
187954	504	00	1b	01	
187957	500	04	
187964	524	00	00	00	00	05	00	05	09	
187968	504	00	1b	01	
187968	500	04	
187976	504	00	1b	01	
187979	500	04	
187981	554	00	00	00	00	
187984	508	00	00	0f	00	01	
187987	504	00	1b	01	
187990	500	04	
187991	512	00	00	00	00	
187992	50c	b5	01	00	
187994	513	00	00	00	00	
187998	504	00	1a	01	
188001	500	04	
188005	570	27	
188007	540	08	b0	00	0d	c0	00	
188007	534	02	08	
188008	544	0b	80	17	09	b0	03	
188009	504	00	1b	01	
188013	500	04	
188020	504	00	1a	01	
188024	500	04	
188024	548	10	c0	00	45	b0	00	
188029	568	24	
188031	504	00	1a	01	
188034	538	00	00	0a	06	52	06	04	02	
188035	500	04	
188035	508	00	00	11	00	01	
188035	520	00	09	05	05	03	04	05	04	
188035	528	00	
188035	54c	0d	c0	00	0b	80	00	
188038	56c	22	
188038	564	28	
188038	509	86	05	b9	05	85	03	
188038	55c	24	
188040	514	00	04	00	
188042	504	00	1a	01	
188046	500	04	
188051	510	78	05	00	
188052	52c	00	
188053	504	00	1a	01	
188057	500	04	
188064	504	00	1a	01	
188065	524	00	00	00	00	05	00	05	09	
188069	500	04	
188075	504	00	1a	01	
188079	550	2a	2a	2b	00	
188079	500	04	
188080	560	23	
188086	508	00	00	0f	00	01	
188086	504	00	1a	01	
188090	500	04	
188092	512	00	00	00	00	
188093	50c	b9	01	00	
188094	513	00	00	00	00	
188097	504	00	1a	01	
188101	500	04	
188108	540	08	b0	00	0d	c0	00	
188108	504	00	1a	01	
188109	544	0b	40	15	09	b0	03	
188109	534	05	08	
188112	500	04	
188119	504	00	1a	01	
188125	548	10	c0	00	46	b0	00	
188125	500	04	
188130	504	00	1d	01	
188135	538	00	00	0a	06	52	06	06	02	
188136	500	04	
188136	54c	0d	c0	00	0b	80	00	
188136	528	00	
188137	520	00	09	05	05	03	04	05	04	
188139	508	00	00	11	00	01	
188139	564	28	
188141	514	00	04	00	
188141	504	00	1b	01	
188146	500	04	
188152	510	79	05	00	
188152	504	00	1a	01	
188153	52c	00	
188157	500	04	
188163	504	00	1a	01	
188166	524	00	00	00	00	05	00	05	09	
188168	500	04	
188175	504	00	1a	01	
188181	500	04	
188182	554	00	00	00	00	
188185	504	00	1a	01	
188188	508	00	00	0f	00	01	
188191	500	04	
188193	512	00	00	00	00	
188194	50c	be	01	00	
188196	513	00	00	00	00	
188198	504	00	1a	01	
188202	500	04	
188206	570	27	
188207	504	00	1a	01	
188210	540	08	b0	00	0d	c0	00	
188210	534	f9	07	
188210	544	0b	60	18	09	b0	03	
188213	500	04	
188218	504	00	1a	01	
188224	500	04	
188226	548	10	c0	00	48	b0	00	
188230	504	00	1a	01	
188230	568	24	
188236	538	00	00	1c	06	52	06	09	02	
188237	56c	22	
188237	500	04	
188237	54c	0d	c0	00	0b	80	00	
188238	528	00	
188238	520	00	09	05	05	03	04	05	04	
188241	564	28	
188241	508	00	00	11	00	01	
188241	55c	24	
188242	509	87	05	ba	05	82	03	
188242	504	00	1b	01	
188242	514	00	04	00	
188247	500	04	
188251	504	00	1a	01	
188253	510	79	05	00	
188254	52c	00	
188258	500	04	
188262	504	00	1a	01	
188267	524	00	00	00	00	05	00	05	09	
188269	500	04	
188273	504	00	1b	01	
188280	550	2a	2a	2b	00	
188280	500	04	
188281	560	23	
188284	504	00	1a	01	
188290	508	00	00	0f	00	01	
188293	500	04	
188294	512	00	00	00	00	
188295	50c	b7	01	00	
188295	504	00	1a	01	
188296	513	00	00	00	00	
188303	500	04	
188306	504	00	1b	01	
188311	540	08	a0	00	0d	c0	00	
188311	534	01	08	
188311	544	0b	d0	18	09	b0	03	
188314	500	04	
188317	504	00	1a	01	
188325	500	04	
188327	548	10	c0	00	46	b0	00	
188329	504	00	1a	01	
188336	500	04	
188337	538	00	00	1c	06	52	06	0a	02	
188338	54c	0d	c0	00	0b	80	00	
188339	528	00	
188339	520	00	09	05	05	03	04	05	04	
188342	504	00	1a	01	
188342	564	28	
188342	508	00	00	11	00	01	
188343	514	00	04	00	
188349	500	04	
188350	504	00	1b	01	
188355	510	79	05	00	
188355	52c	00	
188359	500	04	
188361	504	00	1a	01	
188368	524	00	00	00	00	05	00	05	09	
188370	500	04	
188372	504	00	1a	01	
188381	500	04	
188383	504	00	1a	01	
188384	554	00	00	00	00	
188392	508	00	00	0f	00	01	
188392	500	04	
188394	504	00	1b	01	
188395	512	00	00	00	00	
188398	50c	b9	01	00	
188398	513	00	00	00	00	
188405	500	04	
188405	504	00	1a	01	
188407	570	27	
188413	540	08	a0	00	0d	c0	00	
188413	534	fb	07	
188413	544	0c	00	19	09	a0	03	
188415	500	04	
188416	504	00	1a	01	
188426	500	04	
188427	504	00	1a	01	
188429	548	10	c0	00	44	b0	00	
188431	568	24	
188437	500	04	
188438	56c	22	
188438	538	00	00	1c	06	52	06	07	02	
188438	504	00	1a	01	
188439	54c	0d	c0	00	0b	80	00	
188440	509	83	05	bb	05	7c	03	
188442	55c	24	
188443	528	00	
188443	520	00	09	05	05	03	04	05	04	
188443	564	28	
188443	508	00	00	11	00	01	
188444	514	00	04	00	
188448	500	04	
188449	504	00	1a	01	
188456	510	78	05	00	
188456	52c	00	
188460	504	00	1b	01	
188461	500	04	
188469	524	00	00	00	00	05	00	05	09	
188471	500	04	
188471	504	00	1a	01	
188481	550	2a	2a	2b	00	
188482	560	23	
188482	500	04	
188482	504	00	1a	01	
188493	500	04	
188495	504	00	1a	01	
188495	508	00	00	0f	00	01	
188496	512	00	00	00	00	
188497	50c	be	01	00	
188498	513	00	00	00	00	
188504	500	04	
188505	504	00	1a	01	
188514	540	08	b0	00	0d	c0	00	
188514	534	fe	07	
188514	544	0b	10	18	09	b0	03	
188517	504	00	1a	01	
188517	500	04	
188526	504	00	1a	01	
188527	500	04	
188531	548	10	c0	00	44	c0	00	
188537	504	00	1a	01	
188538	500	04	
188539	538	00	00	1c	06	52	06	07	02	
188540	54c	0d	c0	00	0b	80	00	
188541	528	00	
188543	520	00	09	05	05	03	04	05	04	
188543	564	28	
188545	514	00	04	00	
188545	508	00	00	11	00	01	
188548	504	00	1a	01	
188549	500	04	
188557	510	79	05	00	
188557	52c	00	
188559	504	00	1a	01	
188560	500	04	
188571	504	00	1b	01	
188571	524	00	00	00	00	05	00	05	09	
188572	500	04	
188582	504	00	1a	01	
188583	500	04	
188585	554	00	00	00	00	
188593	504	00	1a	01	
188594	500	04	
188596	508	00	00	0f	00	01	
188597	512	00	00	00	00	
188599	50c	bd	01	00	
188600	513	00	00	00	00	
188604	504	00	1a	01	
188605	500	04	
188608	570	27	
188614	504	00	1a	01	
188615	540	08	b0	00	0d	c0	00	
188615	534	fc	07	
188615	544	0b	60	19	09	b0	03	
188616	500	04	
188625	504	00	1a	01	
188628	500	04	
188631	548	10	c0	00	44	b0	00	
188632	568	24	
188636	504	00	1a	01	
188639	500	04	
188639	56c	22	
188640	538	00	00	1c	06	52	06	06	02	
188641	54c	0d	c0	00	0b	80	00	
188641	509	84	05	bc	05	75	03	
188644	55c	24	
188644	528	00	
188644	520	00	09	05	05	03	04	05	04	
188645	564	28	
188646	514	00	04	00	
188647	508	00	00	11	00	01	
188648	504	00	1a	01	
188650	500	04	
188658	52c	00	
188659	504	00	1a	01	
188661	510	78	05	00	
188661	500	04	
188670	504	00	1b	01	
188672	500	04	
188672	524	00	00	00	00	05	00	05	09	
188681	504	00	1b	01	
188682	550	2a	2a	2b	00	
188683	560	23	
188684	500	04	
188691	504	00	1a	01	
188695	500	04	
188698	512	00	00	00	00	
188698	508	00	00	0f	00	01	
188699	50c	b7	01	00	
188700	513	00	00	00	00	
188702	504	00	1a	01	
188705	500	04	
188714	504	00	1a	01	
188716	500	04	
188717	540	08	b0	00	0d	c0	00	
188719	534	02	08	
188719	544	0b	a0	15	09	b0	03	
188725	504	00	1a	01	
188727	500	04	
188732	548	10	c0	00	47	b0	00	
188736	504	00	1a	01	
188740	500	04	
188741	538	00	00	1c	06	52	06	01	02	
188743	528	00	
188743	520	00	09	05	05	03	04	05	04	
188746	54c	0d	c0	00	0b	80	00	
188746	564	28	
188747	504	00	1a	01	
188747	514	00	04	00	
188749	508	00	00	11	00	01	
188750	500	04	
188758	504	00	1a	01	
188759	52c	00	
188760	510	79	05	00	
188761	500	04	
188769	504	00	1a	01	
188772	500	04	
188773	524	00	00	00	00	05	00	05	09	
188780	504	00	1a	01	
188783	500	04	
188786	554	00	00	00	00	
188790	504	00	1a	01	
188796	500	04	
188799	512	00	00	00	00	
188800	50c	bc	01	00	
188802	508	00	00	10	00	01	
188803	513	00	00	00	00	
188803	504	00	1a	01	
188806	500	04	
188809	570	27	
188813	504	00	1b	01	
188817	500	04	
188818	540	08	a0	00	0d	c0	00	
188818	534	04	08	
188818	544	0b	60	17	09	b0	03	
188824	504	00	1a	01	
