98127	500	04	
98130	504	00	1a	01	
98135	509	72	05	f5	01	14	09	
98135	55c	27	
98136	534	d4	07	
98141	500	04	
98141	538	00	00	40	06	c2	05	f5	01	
98141	504	00	1a	01	
98142	564	29	
98145	514	00	04	00	
98147	534	de	07	
98147	500	04	
98150	508	00	00	07	00	01	
98152	504	00	1a	01	
98158	500	04	
98161	534	ea	07	
98163	504	00	1a	01	
98169	500	04	
98170	534	c0	07	
98172	560	26	
98174	504	00	1a	01	
98180	510	85	05	00	
98181	534	ed	07	
98182	500	04	
98185	504	00	1a	01	
98192	534	eb	07	
98192	500	04	
98196	504	00	1a	01	
98201	508	00	00	07	00	01	
98203	534	ee	07	
98203	500	04	
98204	548	10	c0	00	09	e0	03	
98206	54c	0d	c0	00	0b	80	00	
98206	524	00	00	40	00	05	00	05	49	
98206	52c	00	
98208	540	08	a0	00	61	10	01	
98208	504	00	1a	01	
98214	500	04	
98215	534	fc	07	
98218	544	09	00	17	48	a0	03	
98218	504	00	1a	01	
98218	520	00	09	04	04	03	04	04	04	
98218	528	00	
98219	550	2d	2d	2c	00	
98221	50c	8a	01	00	
98224	512	00	00	00	00	
98224	513	00	00	00	00	
98225	500	04	
98226	534	09	08	
98229	504	00	1a	01	
98230	554	00	00	00	00	
98237	534	0b	08	
98238	500	04	
98240	504	00	1a	01	
98241	538	00	00	40	06	c2	05	f6	01	
98244	564	29	
98246	514	00	04	00	
98248	534	03	08	
98248	500	04	
98251	504	00	1a	01	
98252	508	00	00	09	00	01	
98259	534	fc	07	
98259	500	04	
98262	504	00	1b	01	
98270	534	09	08	
98272	500	04	
98273	504	00	1a	01	
98281	500	04	
98281	510	84	05	00	
98284	504	00	1a	01	
98284	534	e1	07	
98291	570	29	
98293	500	04	
98295	504	00	1a	01	
98295	534	ed	07	
98303	508	00	00	07	00	01	
98305	500	04	
98305	548	10	c0	00	3d	c0	05	
98306	504	00	1a	01	
98306	534	e1	07	
98306	54c	0d	c0	00	0c	80	00	
98307	524	00	00	40	00	05	00	05	49	
98307	52c	00	
98309	540	08	b0	00	0d	90	01	
98315	500	04	
98317	568	27	
98317	504	00	1a	01	
98317	534	dc	07	
98318	56c	26	
98320	544	09	c0	17	48	b0	03	
98320	520	00	09	04	04	03	04	04	04	
98320	528	00	
98322	512	00	00	00	00	
98322	50c	97	01	00	
98324	513	00	00	00	00	
98327	500	04	
98328	504	00	1a	01	
98328	534	ea	07	
98336	509	76	05	f5	01	90	07	
98337	55c	27	
98337	500	04	
98339	504	00	1a	01	
98339	534	e5	07	
98342	538	00	00	40	06	c2	05	09	02	
98344	564	29	
98347	514	00	04	00	
98349	500	04	
98350	504	00	1a	01	
98350	534	e2	07	
98354	508	00	00	0a	00	01	
98360	500	04	
98361	504	00	1a	01	
98361	534	e0	07	
98371	500	04	
98372	504	00	1a	01	
98375	534	e3	07	
98375	560	26	
98382	500	04	
98383	534	e4	07	
98383	504	00	1a	01	
98383	510	84	05	00	
98393	500	04	
98394	534	ee	07	
98394	504	00	1a	01	
98405	504	00	1a	01	
98407	500	04	
98408	508	00	00	07	00	01	
98408	534	e4	07	
98408	548	10	c0	00	41	30	03	
98408	54c	0d	c0	00	0b	80	00	
98408	524	00	00	40	00	05	00	05	49	
98408	52c	00	
98410	540	08	a0	00	0d	90	01	
98416	500	04	
98416	504	00	1a	01	
98419	534	e7	07	
98420	550	2d	2d	2c	00	
98421	544	0a	a0	15	48	a0	03	
98421	520	00	09	04	04	03	04	04	04	
98421	528	00	
98423	50c	85	01	00	
98423	512	00	00	00	00	
98425	513	00	00	00	00	
98427	500	04	
98427	504	00	1a	01	
98429	534	06	08	
98430	554	00	00	00	00	
98438	500	04	
98439	504	00	1a	01	
98440	534	fb	07	
98443	538	00	00	40	06	c2	05	07	02	
98445	564	29	
98448	514	00	04	00	
98448	500	04	
98449	504	00	1a	01	
98451	534	0a	08	
98456	508	00	00	0a	00	01	
98460	504	00	1a	01	
98461	500	04	
98462	534	0b	08	
98471	504	00	1a	01	
98472	500	04	
98474	534	d1	07	
98482	504	00	1a	01	
98482	500	04	
98485	510	83	05	00	
98485	534	ef	07	
98492	570	29	
98493	504	00	1a	01	
98493	500	04	
98496	534	ef	07	
98504	504	00	1a	01	
98504	500	04	
98507	534	e9	07	
98507	508	00	00	07	00	01	
98510	548	10	c0	00	45	00	04	
98510	54c	0d	c0	00	0b	80	00	
98510	524	00	00	40	00	05	00	05	49	
98510	52c	00	
98511	540	08	b0	00	0d	c0	00	
98515	504	00	1a	01	
98517	568	27	
98517	500	04	
98518	534	eb	07	
98519	56c	26	
98522	544	0a	50	16	48	b0	03	
98522	520	00	09	04	04	03	04	04	04	
98522	528	00	
98524	50c	83	01	00	
98524	512	00	00	00	00	
98526	504	00	1a	01	
98526	513	00	00	00	00	
98527	500	04	
98529	534	e3	07	
98537	504	00	1a	01	
98539	509	74	05	f5	01	d4	06	
98540	55c	27	
98541	500	04	
98541	534	e7	07	
98544	538	00	00	40	06	c2	05	05	02	
98546	564	29	
98548	504	00	1a	01	
98549	514	00	04	00	
98549	500	04	
98552	534	eb	07	
98558	508	00	00	09	00	01	
98559	504	00	1a	01	
98560	500	04	
98563	534	e1	07	
98570	504	00	1a	01	
98573	500	04	
98574	534	e7	07	
98574	560	26	
98581	504	00	1a	01	
98583	500	04	
98586	510	84	05	00	
98586	534	e8	07	
98592	504	00	1a	01	
98594	500	04	
98597	534	c6	07	
98603	504	00	1a	01	
98605	500	04	
98607	534	e4	07	
98609	548	10	c0	00	44	b0	03	
98609	508	00	00	07	00	01	
98612	54c	0d	c0	00	0b	80	00	
98612	524	00	00	00	00	05	00	05	09	
98612	52c	00	
98613	540	08	a0	00	0d	20	01	
98614	504	00	1a	01	
98616	500	04	
98618	534	f0	07	
98621	550	2d	2d	2c	00	
98624	544	0a	60	15	48	b0	03	
98624	520	00	09	04	04	03	04	04	04	
98627	528	00	
98627	504	00	1a	01	
98627	50c	82	01	00	
98627	512	00	00	00	00	
98627	513	00	00	00	00	
98629	500	04	
98629	534	f2	07	
98631	554	00	00	00	00	
98636	504	00	1a	01	
98639	500	04	
98642	534	e4	07	
98645	538	00	00	40	06	c2	05	02	02	
98647	504	00	1a	01	
98647	564	29	
98650	514	00	04	00	
98650	500	04	
98651	534	e3	07	
98658	504	00	1a	01	
98660	508	00	00	09	00	01	
98661	500	04	
98663	534	f0	07	
98669	504	00	1b	01	
98672	500	04	
98673	534	ed	07	
98680	504	00	1a	01	
98684	534	0e	08	
98685	500	04	
98687	510	83	05	00	
98691	504	00	1a	01	
98693	570	29	
98695	534	0e	08	
98696	500	04	
98702	504	00	1a	01	
98706	534	f9	07	
98706	500	04	
98710	548	10	c0	00	45	90	03	
98711	508	00	00	07	00	01	
98712	54c	0d	c0	00	0b	80	00	
98712	524	00	00	00	00	05	00	05	09	
98712	52c	00	
98714	504	00	1a	01	
98715	540	08	b0	00	0d	00	01	
98717	534	0d	08	
98717	500	04	
98718	568	27	
98720	56c	26	
98724	504	00	1a	01	
98725	544	09	e0	15	20	a0	03	
98725	520	00	09	04	04	03	04	04	04	
98725	528	00	
98728	50c	84	01	00	
98728	512	00	00	00	00	
98728	534	10	08	
98728	500	04	
98728	513	00	00	00	00	
98735	504	00	1a	01	
98738	509	73	05	f5	01	5e	06	
98738	55c	27	
98740	534	05	08	
98741	500	04	
98746	504	00	1a	01	
98747	538	00	00	40	06	c2	05	00	02	
98748	564	29	
98751	500	04	
98751	514	00	04	00	
98752	534	ef	07	
98758	504	00	1a	01	
98762	500	04	
98762	508	00	00	08	00	01	
98763	534	f0	07	
98769	504	00	1a	01	
98773	500	04	
98774	534	e9	07	
98775	560	27	
98780	504	00	1a	01	
98784	500	04	
98785	534	ea	07	
98788	510	84	05	00	
98791	504	00	1a	01	
98797	500	04	
98799	534	ed	07	
98802	504	00	1a	01	
98807	500	04	
98808	534	e9	07	
98812	548	10	c0	00	45	10	04	
98813	504	00	1a	01	
98813	54c	0d	c0	00	0b	80	00	
98814	508	00	00	08	00	01	
98814	524	00	00	00	00	05	00	05	09	
98814	52c	00	
98816	540	09	a0	00	0d	a0	01	
98818	500	04	
98819	534	ea	07	
98823	550	2d	2d	2c	00	
98824	504	00	1a	01	
98826	544	0a	90	15	09	b0	03	
98826	520	00	09	04	04	03	04	04	04	
98826	528	00	
98827	50c	87	01	00	
98827	512	00	00	00	00	
98830	500	04	
98830	513	00	00	00	00	
98830	534	f3	07	
98833	554	00	00	00	00	
98835	504	00	1a	01	
98840	500	04	
98841	534	ec	07	
98846	504	00	1a	01	
98847	538	00	00	40	06	c2	05	fd	01	
98849	564	29	
98852	534	ef	07	
98852	514	00	04	00	
98853	500	04	
98857	504	00	1a	01	
98863	500	04	
98864	534	ea	07	
98864	508	00	00	08	00	01	
98868	504	00	1a	01	
98874	500	04	
98875	534	ed	07	
98879	504	00	1a	01	
98885	500	04	
98887	534	00	08	
98889	510	85	05	00	
98890	504	00	1a	01	
98894	570	29	
98896	500	04	
98899	534	08	08	
98901	504	00	1a	01	
98908	500	04	
98911	534	0e	08	
98912	504	00	1a	01	
98912	548	10	c0	00	41	c0	04	
98914	54c	0d	c0	00	0c	80	00	
98914	524	00	00	00	00	05	00	05	09	
98915	52c	00	
98915	508	00	00	08	00	01	
98917	540	08	b0	00	0d	c0	01	
98919	500	04	
98919	568	27	
98921	534	02	08	
98921	56c	26	
98923	504	00	1a	01	
98928	544	09	a0	17	09	b0	03	
98928	520	00	09	04	04	03	04	04	04	
98928	512	00	00	00	00	
98928	50c	8c	01	00	
98928	528	00	
98930	500	04	
98930	513	00	00	00	00	
98933	534	08	08	
98934	504	00	1a	01	
98939	509	73	05	f5	01	07	06	
98939	55c	27	
98941	500	04	
98943	534	0f	08	
98945	504	00	1a	01	
98948	538	00	00	40	06	c2	05	fb	01	
98950	564	29	
98952	500	04	
98956	514	00	04	00	
98956	534	10	08	
98956	504	00	1a	01	
98964	500	04	
98966	534	e8	07	
98966	508	00	00	08	00	01	
98967	504	00	1a	01	
98975	500	04	
98976	560	26	
98977	534	f1	07	
98980	504	00	1a	01	
98986	500	04	
98988	534	ed	07	
98989	504	00	1a	01	
98991	510	84	05	00	
98997	500	04	
98999	534	ee	07	
99000	504	00	1a	01	
99008	500	04	
99011	504	00	1a	01	
99014	534	f2	07	
99014	548	10	c0	00	40	80	03	
99016	54c	0d	c0	00	0b	80	00	
99016	524	00	00	00	00	05	00	05	09	
99017	52c	00	
99017	508	00	00	08	00	01	
99018	540	09	a0	00	0d	20	01	
99020	500	04	
99022	504	00	1a	01	
99022	534	f0	07	
99025	550	2d	2d	2c	00	
99029	544	09	20	15	09	b0	03	
99029	520	00	09	04	04	03	04	04	04	
99029	512	00	00	00	00	
99029	50c	83	01	00	
99029	528	00	
99031	500	04	
99031	513	00	00	00	00	
99033	504	00	1a	01	
99033	554	00	00	00	00	
99036	534	c3	07	
99042	500	04	
99044	504	00	1a	01	
99045	534	f4	07	
99049	538	00	00	40	06	c2	05	f8	01	
99051	564	29	
99053	500	04	
99054	514	00	04	00	
99055	504	00	1a	01	
99056	534	f4	07	
99064	500	04	
99066	504	00	1a	01	
99068	534	fa	07	
99068	508	00	00	07	00	01	
99076	500	04	
99077	504	00	1a	01	
99079	534	0c	08	
99087	500	04	
99088	504	00	1a	01	
99090	534	0f	08	
99092	510	84	05	00	
99095	570	29	
99097	500	04	
99099	504	00	1a	01	
99102	534	fa	07	
99108	500	04	
99110	504	00	1a	01	
99113	534	0f	08	
99116	548	10	c0	00	45	60	03	
99117	54c	0d	c0	00	0b	80	00	
99120	524	00	00	00	00	05	00	05	09	
99120	52c	00	
99120	508	00	00	07	00	01	
99121	500	04	
99121	540	09	a0	00	0d	00	02	
99121	568	27	
99121	504	00	1a	01	
99122	56c	26	
99124	534	11	08	
99130	50c	81	01	00	
99132	512	00	00	00	00	
99133	544	09	60	16	09	b0	03	
99133	520	00	09	04	04	03	04	04	04	
99133	528	00	
99133	504	00	1a	01	
99133	513	00	00	00	00	
99133	500	04	
99135	534	09	08	
99140	509	72	05	f5	01	c8	05	
99141	55c	27	
99143	500	04	
99143	504	00	1a	01	
99146	534	04	08	
99150	538	00	00	40	06	c2	05	f7	01	
99152	564	29	
99153	500	04	
99154	504	00	1a	01	
99155	514	00	04	00	
99157	534	d6	07	
99164	500	04	
99167	504	00	1a	01	
99169	534	e6	07	
99170	508	00	00	09	00	01	
99175	500	04	
99176	504	00	1a	01	
99177	560	26	
99180	534	f4	07	
99187	504	00	1a	01	
99188	500	04	
99192	534	e7	07	
99194	510	84	05	00	
99198	504	00	1a	01	
99199	500	04	
99204	534	df	07	
99209	504	00	1a	01	
99209	500	04	
99215	534	eb	07	
99216	548	10	c0	00	44	30	04	
99220	54c	0d	c0	00	0b	80	00	
99220	524	00	00	00	00	05	00	05	09	
99222	52c	00	
99223	504	00	1a	01	
99224	500	04	
99224	508	00	00	07	00	01	
99224	540	09	b0	00	0d	30	01	
99226	550	2d	2d	2c	00	
99226	534	e1	07	
99231	504	00	1a	01	
99231	512	00	00	00	00	
99231	50c	82	01	00	
99233	500	04	
99234	544	0a	b0	15	09	b0	03	
99234	520	00	09	05	04	03	04	04	04	
99234	528	00	
99234	513	00	00	00	00	
99234	554	00	00	00	00	
99237	534	e9	07	
99242	504	00	1a	01	
99244	500	04	
99248	534	f4	07	
99251	538	00	00	40	06	c2	05	f7	01	
99253	504	00	1a	01	
99253	564	29	
99254	500	04	
99256	514	00	04	00	
99260	534	03	08	
99264	504	00	1a	01	
99265	500	04	
99271	534	0f	08	
99272	508	00	00	09	00	01	
99275	504	00	1a	01	
99276	500	04	
99282	534	0f	08	
99286	504	00	1e	01	
99287	500	04	
99293	534	ff	07	
99295	510	85	05	00	
99296	570	29	
99297	504	00	1a	01	
99300	500	04	
99305	534	10	08	
99308	504	00	1a	01	
99310	500	04	
99316	534	11	08	
99318	548	10	c0	00	44	a0	03	
99319	504	00	1a	01	
99321	568	27	
99321	500	04	
99321	524	00	00	00	00	05	00	05	09	
99321	52c	00	
99324	54c	0d	c0	00	0c	80	00	
99324	56c	26	
99325	508	00	00	07	00	01	
99325	540	08	b0	00	0d	60	02	
99327	534	08	08	
99330	504	00	1a	01	
99332	50c	80	01	00	
99332	512	00	00	00	00	
99332	500	04	
99334	513	00	00	00	00	
99337	544	0a	00	15	09	b0	03	
99337	520	00	09	05	04	03	04	04	04	
99337	528	00	
99339	534	ef	07	
99341	504	00	1a	01	
99341	509	73	05	f5	01	91	05	
99342	55c	27	
99343	500	04	
99351	534	e4	07	
99352	504	00	1a	01	
99355	538	00	00	2e	06	c2	05	f7	01	
99355	564	29	
99356	500	04	
99357	514	00	04	00	
99362	534	e9	07	
99363	504	00	1a	01	
99366	500	04	
99373	534	f0	07	
99374	504	00	1a	01	
99374	508	00	00	09	00	01	
99377	500	04	
99378	560	26	
99384	534	f3	07	
99385	504	00	1a	01	
99388	500	04	
99396	510	85	05	00	
99396	504	00	1a	01	
99396	534	e9	07	
99399	500	04	
99407	534	f0	07	
99409	504	00	1a	01	
99412	500	04	
99418	534	f4	07	
99418	504	00	1a	01	
99420	548	10	c0	00	44	f0	03	
99422	500	04	
99423	54c	0d	c0	00	0b	80	00	
99423	524	00	00	00	00	05	00	05	09	
99423	52c	00	
99425	508	00	00	07	00	01	
99428	540	08	b0	00	0d	10	02	
99430	550	2d	2d	2c	00	
99430	534	c6	07	
99430	504	00	1a	01	
99433	50c	86	01	00	
99433	500	04	
99433	512	00	00	00	00	
99435	513	00	00	00	00	
99436	554	00	00	00	00	
99437	544	09	40	15	08	b0	03	
99439	520	00	09	05	04	03	04	04	04	
99440	528	00	
99440	534	e0	07	
99440	504	00	1a	01	
99444	500	04	
99451	504	00	1a	01	
99452	534	0d	08	
99453	538	00	00	2e	06	c2	05	f7	01	
99455	500	04	
99455	564	29	
99458	514	00	04	00	
99462	504	00	1a	01	
99463	534	06	08	
99468	500	04	
99473	504	00	1a	01	
99474	534	0c	08	
99476	508	00	00	0a	00	01	
99478	500	04	
99484	504	00	1a	01	
99487	534	0b	08	
99489	500	04	
99495	504	00	1a	01	
99497	510	85	05	00	
99497	570	29	
99498	534	c9	07	
99500	500	04	
99506	504	00	1a	01	
99509	534	01	08	
99511	500	04	
99517	504	00	1a	01	
99520	548	10	c0	00	45	80	03	
99521	534	e7	07	
99522	568	27	
99524	54c	0d	d0	00	0b	80	00	
99524	500	04	
99524	524	00	00	00	00	05	00	05	09	
99524	52c	00	
99524	56c	26	
99527	508	00	00	07	00	01	
99528	540	09	a0	00	0d	60	01	
99530	504	00	1a	01	
99532	534	dc	07	
99534	500	04	
99534	512	00	00	00	00	
99534	50c	80	01	00	
99536	513	00	00	00	00	
99539	544	09	a0	15	09	b0	03	
99539	504	00	1a	01	
99539	520	00	09	05	04	03	04	04	04	
99539	528	00	
99542	509	76	05	f5	01	65	05	
99543	55c	27	
99543	534	f4	07	
99545	500	04	
99550	504	00	1a	01	
99554	534	e6	07	
99554	538	00	00	2e	06	c2	05	f7	01	
99556	500	04	
99556	564	29	
99559	514	00	04	00	
99562	504	00	1a	01	
99565	534	e8	07	
99567	500	04	
99572	504	00	1a	01	
99577	534	ef	07	
99578	508	00	00	0a	00	01	
99579	560	26	
99579	500	04	
99583	504	00	1a	01	
99588	534	ec	07	
99590	500	04	
99594	504	00	1a	01	
99599	534	e9	07	
99599	510	84	05	00	
99601	500	04	
99605	504	00	1a	01	
99611	534	ee	07	
99612	500	04	
99616	504	00	1a	01	
99622	548	10	c0	00	47	40	04	
99624	534	eb	07	
99625	500	04	
99625	54c	0d	c0	00	0c	80	00	
99625	524	00	00	00	00	05	00	05	09	
99625	52c	00	
99627	504	00	1a	01	
99629	550	2d	2d	2c	00	
99629	540	09	b0	00	0d	f0	01	
99629	508	00	00	07	00	01	
99633	534	f1	07	
99635	50c	7f	01	00	
99635	512	00	00	00	00	
99635	500	04	
99636	554	00	00	00	00	
99637	513	00	00	00	00	
99638	504	00	1a	01	
99641	544	0a	90	17	08	b0	03	
99641	520	00	09	05	04	03	04	04	04	
99641	528	00	
99645	534	07	08	
99647	500	04	
99649	504	00	1a	01	
99655	538	00	00	2e	06	c2	05	f7	01	
99656	534	08	08	
99657	500	04	
99657	564	29	
99660	504	00	1a	01	
99660	514	00	04	00	
99668	500	04	
99668	534	11	08	
99671	504	00	1a	01	
99679	500	04	
99679	534	03	08	
99680	508	00	00	09	00	01	
99682	504	00	1a	01	
99690	534	f9	07	
99691	500	04	
99693	504	00	1a	01	
99698	570	29	
99700	510	85	05	00	
99702	500	04	
99702	534	f0	07	
99704	504	00	1a	01	
99712	500	04	
99713	534	e4	07	
99715	504	00	1a	01	
99723	568	27	
99723	548	10	c0	00	49	b0	03	
99723	500	04	
99724	534	e4	07	
99726	56c	26	
99727	504	00	1a	01	
99727	54c	0d	c0	00	0b	80	00	
99727	524	00	00	00	00	05	00	05	09	
99727	52c	00	
99731	540	08	b0	00	0d	10	01	
99731	508	00	00	07	00	01	
99734	500	04	
99735	534	f1	07	
99736	50c	a3	01	00	
99738	512	00	00	00	00	
99739	504	00	1a	01	
99739	513	00	00	00	00	
99743	544	0a	a0	15	09	b0	03	
99743	520	00	09	05	04	03	04	05	04	
99743	528	00	
99743	509	76	05	f5	01	41	05	
99744	55c	27	
99746	534	f5	07	
99747	500	04	
99750	504	00	1a	01	
99756	538	00	00	2e	06	c2	05	fa	01	
99758	500	04	
99758	534	ea	07	
99758	564	29	
99759	504	00	1a	01	
99761	514	00	04	00	
99768	500	04	
99769	534	f1	07	
99770	504	00	1a	01	
99779	500	04	
99780	534	f0	07	
99780	560	26	
99781	504	00	1a	01	
99782	508	00	00	09	00	01	
99790	500	04	
99792	534	e1	07	
99792	504	00	1a	01	
99801	510	84	05	00	
99802	534	ed	07	
99807	504	00	1a	01	
99807	500	04	
99813	500	04	
99813	534	f5	07	
99814	504	00	1a	01	
99824	548	10	c0	00	49	60	03	
99824	534	ee	07	
99824	500	04	
99825	504	00	1a	01	
99827	54c	0d	c0	00	0b	80	00	
99830	524	00	00	00	00	05	00	05	09	
99830	52c	00	
99830	550	2d	2d	2c	00	
99831	540	08	b0	00	0d	c0	01	
99833	508	00	00	08	00	01	
99835	534	ed	07	
99835	500	04	
99836	504	00	1a	01	
99837	50c	0c	03	01	
99837	512	00	00	00	00	
99839	554	00	00	00	00	
99840	513	00	00	00	00	
99845	544	09	00	18	08	b0	03	
99845	520	00	09	05	04	03	04	05	04	
99845	528	00	
99846	534	e5	07	
99846	500	04	
99847	504	00	1a	01	
99857	534	e0	07	
99857	538	00	00	2e	06	c2	05	fc	01	
99860	504	00	1a	01	
99860	500	04	
99860	564	29	
99862	514	00	04	00	
99868	534	0c	08	
99869	504	00	1a	01	
99869	500	04	
99879	534	0d	08	
99880	504	00	1a	01	
99880	500	04	
99884	508	00	00	08	00	03	
99890	534	07	08	
99891	504	00	1c	01	
99891	500	04	
99899	570	29	
99901	534	00	08	
99902	504	00	1a	01	
99902	500	04	
99903	510	85	05	00	
99913	504	00	1a	01	
99915	534	09	08	
99915	500	04	
99924	534	07	08	
99924	504	00	1a	01	
99924	568	27	
99925	500	04	
99926	548	10	c0	00	4c	a0	04	
99926	56c	26	
99929	54c	0d	c0	00	0c	80	00	
99929	524	00	00	00	00	05	00	05	09	
99932	52c	00	
99932	540	08	a0	00	0c	d0	01	
99935	534	02	08	
99935	504	00	1a	01	
99935	508	00	00	08	00	03	
99936	500	04	
99938	50c	1b	05	01	
99938	512	00	00	00	00	
99940	513	00	00	00	00	
99944	509	76	05	f5	01	22	05	
99947	55c	27	
99947	504	00	1a	01	
99947	544	09	30	15	08	b0	03	
99947	534	eb	07	
99947	520	00	09	05	04	03	04	05	04	
99947	528	00	
99947	500	04	
99957	504	00	1a	01	
99958	500	04	
99958	538	00	00	2e	06	c2	05	fe	01	
99961	534	e7	07	
99961	564	29	
99963	514	00	04	00	
99968	504	00	1a	01	
99970	534	ef	07	
99971	500	04	
99979	504	00	1a	01	
99981	560	27	
99981	534	ea	07	
99981	500	04	
99986	508	00	00	08	00	03	
99990	504	00	1b	01	
99992	534	ed	07	
99992	500	04	
100001	504	00	1a	01	
100003	500	04	
100004	510	84	05	00	
100004	534	f3	07	
100012	504	00	1a	01	
100014	500	04	
100016	534	e8	07	
100023	504	00	1a	01	
100026	534	e7	07	
100027	500	04	
100027	548	10	c0	00	4b	b0	02	
100031	54c	0d	c0	00	0c	80	00	
100031	524	00	00	00	00	05	00	05	09	
100031	52c	00	
100031	550	2d	2d	2c	00	
100034	504	00	1a	01	
100036	540	08	a0	00	0c	20	01	
100037	500	04	
100037	508	00	00	08	00	03	
100038	534	f0	07	
100039	554	00	00	00	00	
100039	50c	b5	06	01	
100039	512	00	00	00	00	
100041	513	00	00	00	00	
100045	504	00	1a	01	
100048	500	04	
100050	544	09	c0	16	08	a0	03	
100051	534	e4	07	
100051	520	00	09	05	04	03	04	05	04	
100051	528	00	
100056	504	00	1a	01	
100059	500	04	
100059	538	00	00	2e	06	c2	05	02	02	
100060	534	0a	08	
100061	564	29	
100064	514	00	04	00	
100067	504	00	1a	01	
100070	500	04	
100071	534	0d	08	
100078	504	00	1a	01	
100083	500	04	
100083	534	06	08	
100089	508	00	00	08	00	03	
100089	504	00	1a	01	
100093	500	04	
100095	534	0f	08	
100100	504	00	1a	01	
100100	570	29	
100104	500	04	
100105	510	83	05	00	
100106	534	ef	07	
100111	504	00	1a	01	
100115	500	04	
100118	534	ea	07	
100122	504	00	1a	01	
100125	568	27	
100128	500	04	
100128	56c	26	
100129	534	f0	07	
100130	548	10	c0	00	49	a0	03	
100131	54c	0d	c0	00	0b	80	00	
100131	524	00	00	00	00	05	00	05	09	
100131	52c	00	
100133	504	00	1a	01	
100136	540	08	a0	00	0d	00	01	
100139	500	04	
100141	508	00	00	09	00	03	
100143	534	e1	07	
100143	50c	a3	07	01	
100143	512	00	00	00	00	
100143	513	00	00	00	00	
100144	504	00	1a	01	
100145	509	77	05	f5	01	0a	05	
100146	55c	27	
100149	500	04	
100151	544	09	c0	14	08	a0	03	
100153	534	e5	07	
100153	520	00	09	05	04	03	04	05	04	
100154	528	00	
100155	504	00	1a	01	
100160	500	04	
100160	538	00	00	2e	06	c2	05	06	02	
100162	534	f0	07	
100162	564	29	
100165	514	00	04	00	
100166	504	00	1a	01	
100171	500	04	
100174	534	e4	07	
100177	504	00	1a	01	
100182	500	04	
100182	560	26	
100185	534	e6	07	
100188	504	00	1a	01	
100190	508	00	00	07	00	03	
100194	500	04	
100196	534	f1	07	
100199	504	00	1a	01	
100205	500	04	
100207	510	83	05	00	
100208	534	e1	07	
100210	504	00	1a	01	
100216	500	04	
100219	534	e4	07	
100221	504	00	1a	01	
100227	500	04	
100230	534	f2	07	
100232	548	10	c0	00	4b	00	04	
100233	504	00	1a	01	
100233	550	2d	2d	2c	00	
100233	54c	0d	c0	00	0b	80	00	
100233	524	00	00	00	00	05	00	05	09	
100233	52c	00	
100238	500	04	
100239	554	00	00	00	00	
100241	50c	ef	07	01	
100241	512	00	00	00	00	
100244	508	00	00	09	00	03	
100244	540	08	a0	00	0d	b0	01	
100244	534	00	08	
100244	504	00	1a	01	
100244	513	00	00	00	00	
100250	500	04	
100253	544	09	f0	17	08	a0	03	
100253	534	fd	07	
100253	520	00	09	05	04	03	04	05	04	
100253	528	00	
100256	504	00	1a	01	
100261	500	04	
100261	538	00	00	2e	06	c2	05	07	02	
100263	564	29	
100265	504	00	1a	01	
100265	534	10	08	
100266	514	00	04	00	
100272	500	04	
100276	504	00	1a	01	
100276	534	fc	07	
100283	500	04	
100287	534	fe	07	
100287	504	00	1a	01	
100292	508	00	00	07	00	03	
100294	500	04	
100298	504	00	1a	01	
100299	534	eb	07	
100301	570	29	
100306	500	04	
100308	510	84	05	00	
100310	504	00	1a	01	
100310	534	dc	07	
100317	500	04	
100320	504	00	1a	01	
100321	534	e3	07	
100326	568	27	
100327	500	04	
100328	56c	26	
100331	504	00	1a	01	
100332	534	ea	07	
100334	548	10	c0	00	47	a0	03	
100335	54c	0d	c0	00	0b	80	00	
100335	524	00	00	00	00	05	00	05	09	
100335	52c	00	
100338	500	04	
100342	504	00	1a	01	
100342	50c	e7	07	01	
100342	512	00	00	00	00	
100343	508	00	00	0a	00	03	
100344	540	08	a0	00	0c	e0	01	
100346	534	e5	07	
100347	513	00	00	00	00	
100347	509	76	05	f5	01	eb	04	
100347	55c	27	
100349	500	04	
100353	504	00	1a	01	
100354	544	09	c0	14	08	a0	03	
100355	528	00	
100355	534	e6	07	
100355	520	00	09	05	04	03	04	05	04	
100362	500	04	
100362	538	00	00	40	06	c2	05	09	02	
100364	504	00	1a	01	
100364	564	29	
100366	534	f0	07	
100367	514	00	04	00	
100373	500	04	
100375	504	00	1a	01	
100377	534	e6	07	
100383	560	27	
100385	500	04	
100386	504	00	1a	01	
100391	534	0f	08	
100394	500	04	
100394	508	00	00	0a	00	03	
100397	504	00	1a	01	
100402	534	00	08	
100405	500	04	
100408	504	00	1a	01	
100409	510	83	05	00	
100413	534	ff	07	
100418	500	04	
100419	504	00	1a	01	
100424	534	0e	08	
100428	500	04	
100430	504	00	1a	01	
100433	550	2d	2d	2c	00	
100434	548	10	c0	00	49	10	04	
100435	534	10	08	
100435	54c	0d	c0	00	0b	80	00	
100438	524	00	00	00	00	05	00	05	09	
100438	52c	00	
100439	500	04	
100440	554	00	00	00	00	
100441	504	00	1a	01	
100443	50c	da	07	01	
100443	512	00	00	00	00	
100445	513	00	00	00	00	
100445	508	00	00	17	00	03	
100446	540	08	a0	00	0c	70	01	
100448	534	06	08	
100450	500	04	
100452	504	00	1a	01	
100454	544	09	f0	17	08	a0	03	
100457	528	00	
100457	534	0e	08	
100457	520	00	09	05	04	03	04	05	04	
100461	500	04	
100463	504	00	1a	01	
100463	538	00	00	40	06	c2	05	09	02	
100466	564	29	
100468	514	00	04	00	
100469	534	f2	07	
100474	504	00	1a	01	
100474	500	04	
100480	534	ef	07	
100484	500	04	
100485	504	00	1a	01	
100491	534	ee	07	
100495	500	04	
100498	504	00	1a	01	
100498	508	00	00	16	00	03	
100502	570	29	
100503	534	eb	07	
100506	500	04	
100507	504	00	1a	01	
100511	510	85	05	00	
100514	534	e9	07	
100517	500	04	
100518	504	00	1a	01	
100525	534	f1	07	
100527	568	27	
100529	504	00	1a	01	
100529	56c	26	
100530	500	04	
100535	548	10	c0	00	48	50	04	
100536	534	e1	07	
100537	54c	0d	c0	00	0c	80	00	
100537	524	00	00	00	00	05	00	05	09	
100537	52c	00	
100540	504	00	1a	01	
100540	500	04	
100544	50c	da	07	01	
100544	512	00	00	00	00	
100546	513	00	00	00	00	
100547	508	00	00	31	00	03	
100548	55c	27	
100548	509	73	05	f5	01	ce	04	
100548	534	e6	07	
100548	540	08	a0	00	0c	20	01	
100551	504	00	1a	01	
100551	500	04	
100556	544	09	50	16	08	a0	03	
100559	528	00	
100559	534	ed	07	
100559	520	00	09	05	04	03	04	05	04	
100562	504	00	1a	01	
100562	500	04	
100564	538	00	00	40	06	c2	05	09	02	
100566	564	29	
100569	514	00	04	00	
100571	534	d7	07	
100573	504	00	1a	01	
100573	500	04	
100580	534	e3	07	
100584	504	00	1a	01	
100584	560	26	
100586	500	04	
100591	534	fb	07	
100595	504	00	1a	01	
100599	500	04	
100599	508	00	00	42	00	03	
100602	534	e9	07	
100606	504	00	1a	01	
100607	500	04	
100612	510	83	05	00	
100613	534	ea	07	
100617	504	00	1a	01	
100618	500	04	
100624	534	e1	07	
100628	504	00	1a	01	
100629	500	04	
100635	550	2d	2d	2c	00	
100635	534	dd	07	
100637	548	10	c0	00	4b	80	03	
100638	54c	0d	c0	00	0c	80	00	
100639	524	00	00	00	00	05	00	05	09	
100640	52c	00	
100640	504	00	1a	01	
100641	554	00	00	00	00	
100644	500	04	
100645	50c	ca	07	01	
100645	512	00	00	00	00	
100646	534	e5	07	
100647	513	00	00	00	00	
100649	540	08	a0	00	0d	70	01	
100649	508	00	00	44	00	03	
100650	504	00	1a	01	
100652	500	04	
100657	544	09	b0	16	08	a0	03	
100659	534	ef	07	
100660	528	00	
100660	520	00	09	05	04	03	04	05	04	
100661	504	00	1a	01	
100663	500	04	
100665	538	00	00	40	06	c2	05	08	02	
100667	564	29	
100669	534	fc	07	
100670	514	00	04	00	
100672	504	00	1a	01	
100674	500	04	
100680	534	06	08	
100683	504	00	1a	01	
100685	500	04	
100692	534	10	08	
100694	504	00	1a	01	
100698	500	04	
100700	508	00	00	42	00	03	
100703	570	29	
100704	534	e9	07	
100707	504	00	1a	01	
100708	500	04	
100713	510	85	05	00	
100715	534	eb	07	
100716	504	00	1a	01	
100719	500	04	
100726	534	ee	07	
100727	504	00	1a	01	
100728	568	27	
100730	500	04	
100732	56c	26	
100737	534	e9	07	
100737	548	10	c0	00	4c	e0	03	
100738	504	00	1a	01	
100739	54c	0d	c0	00	0c	80	00	
100739	524	00	00	00	00	05	00	05	09	
100739	52c	00	
100741	500	04	
100746	50c	c4	07	01	
100746	512	00	00	00	00	
100748	513	00	00	00	00	
100749	509	73	05	f5	01	b3	04	
100749	55c	27	
100749	504	00	1a	01	
100749	540	08	a0	00	0c	20	01	
100749	534	f1	07	
100751	508	00	00	44	00	03	
100754	500	04	
100759	544	09	a0	13	08	a0	03	
100760	504	00	1a	01	
100763	528	00	
100763	534	ec	07	
100763	520	00	09	05	04	03	04	05	04	
100764	500	04	
100766	538	00	00	40	06	c2	05	06	02	
100768	564	29	
100771	534	e6	07	
100771	504	00	1a	01	
100771	514	00	04	00	
100775	500	04	
100782	534	ee	07	
100782	504	00	1a	01	
100785	560	26	
100786	500	04	
100793	504	00	1a	01	
100794	534	f7	07	
100797	500	04	
100802	508	00	00	42	00	03	
100804	504	00	1a	01	
100805	534	ed	07	
100809	500	04	
100814	510	85	05	00	
100815	504	00	1a	01	
100816	534	f0	07	
100820	500	04	
100826	504	00	1a	01	
100828	534	0a	08	
100831	500	04	
100836	550	2d	2d	2c	00	
100837	504	00	1a	01	
100839	548	10	c0	00	4b	e0	04	
100841	54c	0d	c0	00	0b	80	00	
100841	524	00	00	00	00	05	00	05	09	
100841	52c	00	
100842	500	04	
100842	554	00	00	00	00	
100843	534	de	07	
100847	50c	be	07	01	
100847	512	00	00	00	00	
100848	504	00	1a	01	
100850	513	00	00	00	00	
100851	540	08	a0	00	0c	10	01	
100853	500	04	
100853	508	00	00	44	00	03	
100854	534	f1	07	
100859	504	00	1a	01	
100859	544	09	90	14	08	a0	03	
100862	528	00	
100862	520	00	09	05	04	03	04	05	04	
100864	534	e7	07	
100867	500	04	
100867	538	00	00	40	06	c2	05	03	02	
100869	564	29	
100870	504	00	1a	01	
100872	514	00	04	00	
100875	534	ea	07	
100876	500	04	
100881	504	00	1a	01	
100886	534	ed	07	
100887	500	04	
100892	504	00	1a	01	
100897	534	de	07	
100898	500	04	
100903	504	00	1a	01	
100904	570	29	
100904	508	00	00	42	00	03	
100908	534	e2	07	
100909	500	04	
100914	504	00	1a	01	
100915	510	83	05	00	
100919	534	f1	07	
100921	500	04	
100925	504	00	1a	01	
100929	568	27	
100930	534	e6	07	
100931	56c	26	
100932	500	04	
100936	504	00	1a	01	
100941	548	10	c0	00	4e	60	04	
100941	534	e7	07	
100943	54c	0d	c0	00	0b	80	00	
100943	524	00	00	00	00	05	00	05	09	
100943	52c	00	
100943	500	04	
100947	504	00	1a	01	
100948	50c	bb	07	01	
100948	512	00	00	00	00	
100949	509	71	05	f5	01	96	04	
100950	55c	27	
100950	513	00	00	00	00	
100953	540	08	a0	00	0d	70	01	
100953	534	f1	07	
100953	500	04	
100955	508	00	00	6f	00	03	
100958	504	00	1a	01	
100960	544	09	60	16	08	a0	03	
100964	528	00	
100964	534	ea	07	
100964	520	00	09	05	04	03	04	05	04	
100965	500	04	
100969	538	00	00	40	06	c2	05	00	02	
100969	504	00	1a	01	
100970	564	29	
100973	514	00	04	00	
100975	534	ea	07	
100977	500	04	
100980	504	00	1a	01	
100986	534	ef	07	
100986	560	26	
100987	500	04	
100991	504	00	1a	01	
100998	534	e8	07	
100998	500	04	
101002	504	00	1a	01	
101006	508	00	00	78	00	03	
101009	534	ec	07	
101009	500	04	
101013	504	00	1a	01	
101016	510	84	05	00	
101019	534	ee	07	
101022	500	04	
101024	504	00	1a	01	
101030	534	f4	07	
101033	500	04	
101035	504	00	1a	01	
101037	550	2d	2d	2c	00	
101041	534	fd	07	
101041	548	10	c0	00	50	20	03	
101043	500	04	
101045	554	00	00	00	00	
101047	524	00	00	00	00	05	00	05	09	
101047	52c	00	
101047	54c	0d	c0	00	0b	80	00	
101047	504	00	1d	01	
101049	50c	b0	07	01	
101049	512	00	00	00	00	
101051	513	00	00	00	00	
101052	534	0e	08	
101054	500	04	
101055	540	08	a0	00	0d	b0	01	
101058	504	00	1a	01	
101058	508	00	00	79	00	03	
101062	544	09	50	15	08	a0	03	
101063	534	07	08	
101065	500	04	
101066	528	00	
101066	520	00	09	05	04	03	04	05	04	
101068	504	00	1a	01	
101069	538	00	00	40	06	c2	05	fe	01	
101071	564	29	
101074	534	07	08	
101074	514	00	04	00	
101076	500	04	
101079	504	00	1a	01	
101085	534	07	08	
101089	500	04	
101090	504	00	1a	01	
101096	534	fe	07	
101099	500	04	
101101	504	00	1a	01	
101105	570	29	
101108	534	07	08	
101109	508	00	00	79	00	03	
101110	500	04	
101112	504	00	1a	01	
101117	510	85	05	00	
101119	534	eb	07	
101121	500	04	
101123	504	00	1a	01	
101130	534	da	07	
101132	568	27	
101134	56c	26	
101134	500	04	
101134	504	00	1a	01	
101143	548	10	c0	00	4f	d0	03	
101143	534	e4	07	
101145	500	04	
101145	504	00	1a	01	
101146	54c	0d	c0	00	0b	80	00	
101146	524	00	00	00	00	05	00	05	09	
101149	52c	00	
101150	50c	d8	07	01	
101150	512	00	00	00	00	
101150	509	70	05	f5	01	7d	04	
101151	55c	27	
101152	513	00	00	00	00	
101154	534	ef	07	
101155	500	04	
101156	504	00	1a	01	
101157	540	08	a0	00	0c	e0	01	
101159	508	00	00	78	00	03	
101164	544	09	20	18	08	a0	03	
101165	534	e4	07	
101166	500	04	
101167	504	00	1a	01	
101168	528	00	
101168	520	00	09	05	04	03	04	05	04	
101170	538	00	00	40	06	c2	05	fb	01	
101172	564	29	
101175	514	00	04	00	
101178	534	ef	07	
101178	500	04	
101178	504	00	1a	01	
101187	534	ec	07	
101187	560	26	
101188	500	04	
101190	504	00	1a	01	
101199	534	e3	07	
101201	500	04	
101201	504	00	1a	01	
101210	534	eb	07	
101210	508	00	00	79	00	03	
101211	500	04	
101212	504	00	1a	01	
101218	510	85	05	00	
101221	534	f5	07	
101222	500	04	
101223	504	00	1a	01	
101233	534	06	08	
101233	500	04	
101235	504	00	1a	01	
101238	550	2d	2d	2c	00	
101244	534	0c	08	
101244	500	04	
101244	548	10	c0	00	4d	f0	03	
101245	504	00	1a	01	
101246	554	00	00	00	00	
101248	54c	0d	c0	00	0b	80	00	
101248	524	00	00	00	00	05	00	05	09	
101248	52c	00	
101251	50c	ad	07	01	
101251	512	00	00	00	00	
101253	513	00	00	00	00	
101255	534	0e	08	
101256	504	00	1a	01	
101257	500	04	
101259	540	08	a0	00	0c	60	01	
101261	508	00	00	78	00	03	
101264	544	09	80	15	08	a0	03	
101266	534	fb	07	
101268	504	00	1a	01	
101269	500	04	
101270	528	00	
101270	520	00	09	05	04	03	04	05	04	
101272	538	00	00	40	06	c2	05	f8	01	
101273	564	29	
101276	514	00	04	00	
101277	534	07	08	
101278	504	00	1a	01	
101278	500	04	
101289	504	00	1a	01	
101289	500	04	
101289	534	10	08	
101300	504	00	1a	01	
101300	500	04	
101301	534	ec	07	
101306	570	29	
101311	504	00	1a	01	
101312	534	ef	07	
101312	508	00	00	79	00	03	
101315	500	04	
101319	510	84	05	00	
101322	504	00	1a	01	
101323	500	04	
101324	534	df	07	
101331	568	27	
101333	504	00	1a	01	
101333	56c	26	
101334	500	04	
101335	534	e3	07	
101344	504	00	1a	01	
101345	500	04	
101345	548	10	c0	00	4a	e0	03	
101346	534	f3	07	
101349	54c	0d	b0	00	0b	80	00	
101349	524	00	00	00	00	05	00	05	09	
101349	52c	00	
101351	509	74	05	f5	01	6a	04	
101352	55c	27	
101352	50c	b1	07	01	
101355	512	00	00	00	00	
101355	513	00	00	00	00	
101355	504	00	1a	01	
101356	500	04	
101358	534	e9	07	
101361	540	08	a0	00	0c	90	02	
101363	508	00	00	78	00	03	
101367	544	09	c0	17	08	a0	03	
101367	504	00	1a	01	
101369	500	04	
101373	534	e3	07	
101374	528	00	
101374	520	00	09	05	04	03	04	05	04	
101374	538	00	00	2e	06	c2	05	f8	01	
101374	564	29	
101377	504	00	1a	01	
101377	514	00	04	00	
101379	500	04	
101380	534	ed	07	
101388	560	26	
101391	504	00	1a	01	
101391	500	04	
101391	534	ec	07	
101399	504	00	1a	01	
101401	500	04	
101403	534	e5	07	
101410	504	00	1a	01	
101412	500	04	
101414	534	ec	07	
101414	508	00	00	7a	00	03	
101420	510	84	05	00	
101421	504	00	1a	01	
101424	500	04	
101425	534	e9	07	
101432	504	00	1a	01	
101435	500	04	
101436	534	00	08	
101440	550	2d	2d	2c	00	
101443	504	00	1a	01	
101446	500	04	
101448	548	10	c0	00	4e	c0	03	
101448	534	0c	08	
101448	554	00	00	00	00	
101452	54c	0d	c0	00	0b	80	00	
101452	524	00	00	00	00	05	00	05	09	
101452	52c	00	
101453	50c	ac	07	01	
101453	512	00	00	00	00	
101454	504	00	1a	01	
101455	513	00	00	00	00	
101458	500	04	
101458	534	07	08	
101463	540	08	a0	00	0c	20	01	
101465	504	00	1a	01	
101465	508	00	00	78	00	03	
101467	544	09	80	15	08	a0	03	
101468	500	04	
101469	534	06	08	
101473	538	00	00	2e	06	c2	05	f7	01	
101474	528	00	
101476	520	00	09	05	04	03	04	05	04	
101476	564	29	
101476	504	00	1a	01	
101478	514	00	04	00	
101480	534	0f	08	
101480	500	04	
101487	504	00	1a	01	
101491	500	04	
101491	534	fc	07	
101498	504	00	1a	01	
101504	500	04	
101504	534	05	08	
101507	570	29	
101509	504	00	1a	01	
101513	500	04	
101513	534	10	08	
101516	508	00	00	7a	00	03	
101520	504	00	1a	01	
101521	510	85	05	00	
101524	500	04	
101526	534	08	08	
101531	504	00	1a	01	
101532	568	27	
101534	56c	26	
101535	534	03	08	
101536	500	04	
101542	504	00	1a	01	
101546	534	fe	07	
101547	500	04	
101548	548	10	c0	00	4d	80	04	
101552	509	73	05	f5	01	59	04	
101553	55c	27	
101553	504	00	1a	01	
101553	54c	0d	c0	00	0c	80	00	
101553	524	00	00	00	00	05	00	05	09	
101553	52c	00	
101554	50c	a4	07	01	
101554	512	00	00	00	00	
101556	513	00	00	00	00	
101557	500	04	
101560	534	e7	07	
101563	540	08	a0	00	0c	70	01	
101565	504	00	1a	01	
101567	508	00	00	78	00	03	
101568	500	04	
101569	544	09	d0	15	08	a0	03	
101569	534	ee	07	
101574	528	00	
101575	520	00	09	05	04	03	04	05	04	
101575	538	00	00	2e	06	c2	05	f7	01	
101577	504	00	1a	01	
101577	564	29	
101579	514	00	04	00	
101579	500	04	
101580	534	e9	07	
101586	504	00	1a	01	
101589	560	26	
101591	534	e5	07	
101592	500	04	
101597	504	00	1a	01	
101603	500	04	
101603	534	ef	07	
101608	504	00	1a	01	
101613	500	04	
101613	534	f0	07	
101619	508	00	00	a0	00	03	
101619	504	00	1a	01	
101622	510	85	05	00	
101624	534	dc	07	
101624	500	04	
101630	504	00	1a	01	
101635	534	ec	07	
101635	500	04	
101641	550	2d	2d	2c	00	
101641	504	00	1a	01	
101646	534	f3	07	
101648	500	04	
101650	554	00	00	00	00	
101650	548	10	c0	00	4f	50	05	
101652	504	00	1a	01	
101655	54c	0d	c0	00	0b	80	00	
101655	524	00	00	00	00	05	00	05	09	
101655	52c	00	
101655	50c	9c	07	01	
101655	512	00	00	00	00	
101657	534	e8	07	
101657	513	00	00	00	00	
101658	500	04	
101663	504	00	1a	01	
101664	540	08	a0	00	0c	50	01	
101668	534	f1	07	
101669	500	04	
101669	508	00	00	a2	00	03	
101671	544	09	d0	15	08	a0	03	
101674	504	00	1a	01	
101675	528	00	
101675	520	00	09	05	04	03	04	05	04	
101676	538	00	00	2e	06	c2	05	f8	01	
101677	564	29	
101679	534	e2	07	
101682	514	00	04	00	
101682	500	04	
101685	504	00	1a	01	
101690	534	e5	07	
101691	500	04	
101696	504	00	1a	01	
101701	534	ee	07	
101704	500	04	
101707	504	00	1a	01	
101708	570	29	
101713	534	fd	07	
101714	500	04	
101718	504	00	1a	01	
101720	508	00	00	a1	00	03	
101723	510	85	05	00	
101724	534	01	08	
101725	500	04	
101729	504	00	1a	01	
101733	568	27	
101735	534	0d	08	
101737	56c	26	
101737	500	04	
101740	504	00	1a	01	
101747	534	10	08	
101747	500	04	
101750	548	10	c0	00	51	00	04	
101751	504	00	1a	01	
101753	509	75	05	f5	01	4c	04	
101754	55c	27	
101755	54c	0d	c0	00	0c	80	00	
101758	524	00	00	00	00	05	00	05	09	
101758	52c	00	
101758	50c	ac	07	01	
101758	512	00	00	00	00	
101758	534	f9	07	
101759	513	00	00	00	00	
101760	500	04	
101762	504	00	1a	01	
101766	540	08	a0	00	0d	60	02	
101768	534	0d	08	
101771	500	04	
101771	508	00	00	a2	00	03	
101773	544	09	10	14	08	a0	03	
101773	504	00	1a	01	
101777	538	00	00	2e	06	c2	05	f9	01	
101777	528	00	
101777	520	00	09	05	04	03	04	05	04	
101778	564	29	
101779	534	0f	08	
101781	500	04	
101784	514	00	04	00	
101784	504	00	1a	01	
101790	560	26	
101790	534	07	08	
101792	500	04	
101795	504	00	1a	01	
101801	534	0f	08	
101803	500	04	
101806	504	00	1a	01	
101812	534	05	08	
101816	500	04	
101817	504	00	1a	01	
101822	508	00	00	a1	00	03	
101823	534	e2	07	
101824	510	84	05	00	
101826	500	04	
101828	504	00	1a	01	
101834	534	fb	07	
101837	500	04	
101839	504	00	1a	01	
101842	550	2d	2d	2c	00	
101845	534	f7	07	
101848	500	04	
101850	504	00	1a	01	
101850	554	00	00	00	00	
101852	548	10	c0	00	55	60	04	
101857	54c	0d	c0	00	0b	80	00	
101857	524	00	00	00	00	05	00	05	09	
101857	512	00	00	00	00	
101857	50c	a7	07	01	
101860	52c	00	
101860	534	d7	07	
101861	500	04	
101861	513	00	00	00	00	
101861	504	00	1a	01	
101867	540	08	a0	00	0c	c0	00	
101868	534	ea	07	
101872	500	04	
101872	504	00	1a	01	
101873	544	09	60	17	08	b0	03	
101876	508	00	00	a2	00	03	
101878	538	00	00	2e	06	c2	05	fb	01	
101879	528	00	
101879	534	ed	07	
101879	520	00	09	05	04	03	04	05	04	
101879	564	29	
101882	500	04	
101882	514	00	04	00	
101883	504	00	1a	01	
101890	534	e8	07	
101893	500	04	
101894	504	00	1a	01	
101902	534	ea	07	
101904	500	04	
101905	504	00	1a	01	
101909	570	29	
101913	534	f0	07	
101915	500	04	
101916	504	00	1a	01	
101923	534	e6	07	
101926	508	00	00	a1	00	03	
101926	510	84	05	00	
101927	504	00	1a	01	
101928	500	04	
101934	568	27	
101934	534	ee	07	
101936	56c	26	
101938	504	00	1a	01	
101938	500	04	
101945	534	e5	07	
101949	500	04	
101950	504	00	1a	01	
101954	548	10	c0	00	58	50	04	
101954	509	75	05	f5	01	42	04	
101955	55c	27	
101956	534	e2	07	
101958	50c	a6	07	01	
101958	512	00	00	00	00	
101958	54c	0d	c0	00	0b	80	00	
101959	524	00	00	00	00	05	00	05	09	
101961	52c	00	
101961	500	04	
101961	513	00	00	00	00	
101961	504	00	1a	01	
101967	540	08	a0	00	0d	20	01	
101967	534	f3	07	
101971	500	04	
101972	504	00	1a	01	
101974	544	09	90	14	08	b0	03	
101975	508	00	00	a2	00	03	
101978	534	f4	07	
101979	538	00	00	2e	06	c2	05	fe	01	
101980	564	29	
101981	528	00	
101981	520	00	09	05	04	03	04	05	04	
101983	504	00	1a	01	
101983	514	00	04	00	
101984	500	04	
101989	534	e7	07	
101991	560	27	
101994	504	00	1a	01	
101994	500	04	
102000	534	e6	07	
102005	500	04	
102005	504	00	1a	01	
102012	534	07	08	
102016	500	04	
102016	504	00	1a	01	
102023	534	06	08	
102026	510	84	05	00	
102028	508	00	00	a1	00	03	
102028	500	04	
102028	504	00	1a	01	
102034	534	0f	08	
102038	504	00	1a	01	
102039	500	04	
102047	550	2d	2d	2c	00	
102047	534	df	07	
102049	504	00	1a	01	
102050	500	04	
102053	554	00	00	00	00	
102054	548	10	c0	00	58	a0	02	
102058	534	e4	07	
102059	50c	a0	07	01	
102059	512	00	00	00	00	
102059	524	00	00	00	00	05	00	05	09	
102060	52c	00	
102060	54c	0d	c0	00	0b	80	00	
102060	504	00	1a	01	
102061	500	04	
102063	513	00	00	00	00	
102069	540	08	a0	00	0c	60	02	
102069	534	f2	07	
102071	504	00	1a	01	
102072	500	04	
102076	544	09	90	16	08	a0	03	
102077	508	00	00	a2	00	03	
102080	538	00	00	2e	06	c2	05	00	02	
102080	534	ec	07	
102081	564	29	
102084	504	00	1a	01	
102084	528	00	
102084	520	00	09	05	04	03	04	05	04	
102084	500	04	
102084	514	00	04	00	
102091	534	ec	07	
102093	504	00	1a	01	
102095	500	04	
102103	534	f3	07	
102104	504	00	1a	01	
102106	500	44	
102110	570	29	
102114	534	e5	07	
102115	504	00	1a	01	
102117	500	44	
102125	534	eb	07	
102126	504	00	1a	01	
102127	510	84	05	00	
102128	500	44	
102129	508	00	00	a2	00	03	
102135	568	27	
102137	504	00	1a	01	
102137	534	ee	07	
102137	56c	26	
102139	500	44	
102148	504	00	1a	01	
102148	534	e8	07	
102151	500	44	
102155	509	76	05	f5	01	36	04	
102156	55c	27	
102158	548	10	c0	00	54	40	03	
102159	534	e6	07	
102159	504	00	1a	01	
102160	50c	ad	07	01	
102162	512	00	00	00	00	
102162	54c	0d	c0	00	0c	80	00	
102162	524	00	00	00	00	05	00	05	09	
102162	52c	00	
102162	500	44	
102162	513	00	00	00	00	
102170	504	00	1a	01	
102171	540	08	a0	00	0d	30	01	
102171	534	12	05	
102172	500	44	
102178	544	1b	30	11	08	80	03	
102179	508	00	00	a1	00	03	
102181	538	00	00	2e	06	c2	05	03	02	
102181	504	00	1a	01	
102182	534	56	05	
102182	564	29	
102185	528	00	
102185	520	00	09	05	89	00	89	05	04	
102185	500	44	
102185	514	00	04	00	
102192	504	00	1a	01	
102193	560	26	
102193	534	c6	05	
102194	500	44	
102203	504	00	1a	01	
102205	534	00	06	
102207	500	44	
102214	504	00	1a	01	
102217	534	3a	06	
102217	500	44	
102225	504	00	1a	01	
102228	534	54	06	
102228	510	84	05	00	
102228	500	44	
102230	508	00	00	a2	00	03	
102236	504	00	1a	01	
102239	500	44	
102240	534	54	06	
102247	504	00	1a	01	
102248	550	2d	2d	2c	08	
102250	500	44	
102251	534	0e	06	
102254	554	00	00	00	08	
102257	548	12	a0	00	4d	50	05	
102258	504	00	1a	01	
102261	50c	a2	07	01	
102264	512	00	00	00	00	
102264	534	8f	05	
102264	54c	0b	a0	00	09	60	00	
102264	524	00	89	89	89	89	00	05	09	
102264	52c	00	
102264	500	44	
102264	513	00	00	00	00	
102269	504	00	1a	01	
102273	540	2e	80	00	0b	a0	00	
102273	534	21	05	
102275	500	44	
102280	544	96	80	00	06	a0	02	
102280	504	00	1a	01	
102281	508	00	00	a1	00	03	
102282	538	00	00	2e	06	c2	05	03	02	
102283	564	29	
102284	500	44	
102285	528	00	
102285	534	a0	04	
102285	520	00	09	05	89	00	89	05	04	
102288	514	00	04	00	
102291	504	00	1a	01	
102295	500	44	
102296	534	93	04	
102302	504	00	1a	01	
102306	500	44	
102307	534	7f	04	
102311	570	29	
102313	504	00	1a	01	
102319	500	04	
102321	534	74	04	
102324	504	00	1a	01	
102329	510	84	05	00	
102329	500	04	
102330	534	73	04	
102332	508	00	00	a1	00	03	
102335	504	00	1a	01	
102336	568	27	
102338	56c	26	
102340	500	04	
102343	534	71	04	
102346	504	00	1a	01	
102351	500	04	
102353	534	69	04	
102356	509	6e	05	f5	01	28	02	
102357	55c	27	
102357	504	00	1a	01	
102359	548	17	80	00	05	80	00	
102362	50c	9e	07	01	
102362	512	00	00	00	00	
102364	500	04	
102365	534	65	04	
102365	513	00	00	00	00	
102365	54c	09	80	00	07	40	00	
102365	524	00	89	89	89	89	00	05	09	
102365	52c	00	
102368	504	00	1a	01	
102373	540	04	70	00	09	80	00	
102374	534	33	04	
102375	500	04	
102379	504	00	1a	01	
102380	544	71	60	00	05	f0	01	
102383	538	00	00	40	06	c2	05	e8	01	
102383	508	00	00	a0	00	03	
102384	564	29	
102385	534	39	04	
102385	500	04	
102387	528	00	
102387	520	00	09	05	89	00	89	05	04	
102387	514	00	04	00	
102390	504	00	1a	01	
102393	560	26	
102396	534	35	04	
102396	500	04	
102401	504	00	1a	01	
102407	534	3d	04	
102407	500	04	
102412	504	00	1a	01	
102418	534	78	04	
102418	500	04	
102423	504	00	1a	01	
102430	510	84	05	00	
102430	534	a4	04	
102431	500	04	
102434	504	00	1a	01	
102434	508	00	00	a0	00	03	
102441	534	95	04	
102441	500	04	
102445	504	00	1a	01	
102449	550	2d	2d	2c	08	
102452	534	99	04	
102452	500	04	
102456	504	00	1a	01	
102456	554	00	00	00	08	
102461	548	19	80	00	04	70	00	
102463	50c	9b	07	01	
102463	512	00	00	00	00	
102463	500	04	
102464	534	b3	04	
102465	513	00	00	00	00	
102468	54c	08	70	00	07	40	00	
102468	524	00	89	89	89	89	00	05	09	
102468	52c	00	
102468	504	00	1a	01	
102474	500	04	
102475	540	05	70	00	09	80	00	
102475	534	c3	04	
102478	504	00	1a	01	
102482	544	72	60	00	05	f0	01	
102484	538	00	00	40	06	c2	05	e8	01	
102486	564	29	
102486	508	00	00	a0	00	03	
102486	534	f7	04	
102487	500	04	
102487	528	00	
102487	520	00	09	05	89	00	89	05	04	
102488	514	00	04	00	
102489	504	00	1a	01	
102497	500	04	
102499	534	20	05	
102501	504	00	1a	01	
102508	500	04	
102510	534	62	05	
102511	504	00	1a	01	
102512	570	29	
102519	500	04	
102521	534	ca	05	
102522	504	00	1a	01	
102530	500	04	
102531	510	84	05	00	
102533	504	00	1a	01	
102534	534	17	06	
102536	508	00	00	a0	00	03	
102537	568	27	
102539	56c	26	
102543	500	04	
102544	504	00	1a	01	
102544	534	67	06	
102553	500	04	
102555	534	a1	06	
102557	504	00	1a	01	
102558	509	6e	05	f5	01	4f	02	
102559	55c	27	
102562	548	15	90	00	06	90	00	
102564	500	04	
102564	50c	92	07	01	
102564	512	00	00	00	00	
102566	504	00	1a	01	
102566	513	00	00	00	00	
102567	534	95	06	
102569	54c	0a	90	00	09	50	00	
102570	524	00	89	89	89	89	00	05	09	
102570	52c	00	
102575	500	04	
102577	540	28	80	00	27	a0	00	
102577	504	00	1a	01	
102578	534	98	06	
102583	544	98	80	00	06	b0	02	
102585	538	00	00	40	06	c2	05	e8	01	
102586	500	04	
102588	564	29	
102589	508	00	00	a0	00	03	
102589	504	00	1a	01	
102589	528	00	
102589	534	bb	06	
102589	520	00	09	04	89	00	89	05	04	
102589	514	00	04	00	
102594	560	26	
102599	500	04	
102599	504	00	1a	01	
102601	534	d1	06	
102609	500	04	
102610	504	00	1a	01	
102612	534	ed	06	
102620	500	04	
102621	504	00	1a	01	
102623	534	fd	06	
102631	500	04	
102632	504	00	1a	01	
102632	510	83	05	00	
102635	534	0e	07	
102638	508	00	00	a0	00	03	
102642	500	04	
102643	504	00	1a	01	
102650	550	2d	2d	2c	08	
102650	534	1b	07	
102654	504	00	1a	01	
102654	500	04	
102656	554	00	00	00	08	
102662	534	38	07	
102664	548	11	b0	00	08	a0	00	
102665	500	04	
102665	504	00	1a	01	
102665	512	00	00	00	00	
102665	50c	88	07	01	
102667	513	00	00	00	00	
102669	54c	0c	b0	00	0a	70	00	
102669	524	00	89	89	89	89	00	05	09	
102669	52c	00	
102673	534	47	07	
102676	500	04	
102676	504	00	1a	01	
102677	540	07	a0	00	38	b0	00	
102684	544	b6	90	00	08	30	03	
102684	534	46	07	
102686	538	00	00	40	06	c2	05	01	02	
102687	500	04	
102687	504	00	1a	01	
102687	564	29	
102689	508	00	00	a0	00	03	
102692	514	00	04	00	
102692	528	00	
102692	520	00	09	04	89	00	89	05	04	
102695	534	4c	07	
102698	500	04	
102698	504	00	1a	01	
102707	534	4c	07	
102710	504	00	1a	01	
102710	500	04	
102713	570	29	
102718	534	52	07	
102721	500	04	
102721	504	00	1a	01	
102729	534	4a	07	
102732	500	04	
102732	504	00	1a	01	
102733	510	83	05	00	
102738	568	27	
102740	56c	26	
102741	508	00	00	a1	00	03	
102743	534	5a	07	
102743	500	04	
102743	504	00	1a	01	
102752	534	60	07	
102754	500	04	
102754	504	00	1a	01	
102759	509	3b	05	f5	01	93	05	
102759	55c	27	
102763	534	4e	07	
102765	504	00	1a	01	
102767	548	10	b0	00	08	b0	00	
102768	50c	82	07	01	
102768	512	00	00	00	00	
102768	500	04	
102768	513	00	00	00	00	
102770	54c	0c	b0	00	0b	70	00	
102771	524	00	89	89	89	89	00	05	09	
102771	52c	00	
102775	534	69	07	
102776	504	00	1a	01	
102778	500	04	
102779	540	08	a0	00	4b	b0	00	
102786	544	be	a0	00	08	60	03	
102786	534	6a	07	
102787	538	00	00	40	06	c2	05	ee	01	
102787	504	00	1a	01	
102788	500	04	
102788	564	29	
102791	514	00	04	00	
102791	528	00	
102794	520	00	09	04	89	00	89	05	04	
102794	508	00	00	a0	00	03	
102795	560	26	
102798	504	00	1a	01	
102798	500	04	
102801	534	70	07	
102809	504	00	1a	01	
102809	500	04	
102811	534	28	07	
102820	504	00	1a	01	
102823	500	04	
102823	534	8f	06	
102831	504	00	1a	01	
102833	500	04	
102833	534	fc	05	
102834	510	84	05	00	
102842	504	00	1a	01	
102843	508	00	00	a0	00	03	
102843	500	04	
102844	534	2e	06	
