20272	500	04	
20273	524	00	00	00	00	05	00	05	09	
20273	528	00	
20273	544	0b	a0	00	08	d0	05	
20274	520	00	09	04	05	03	05	04	04	
20274	512	00	00	00	00	
20274	504	00	1a	01	
20281	500	04	
20281	513	00	00	00	00	
20281	568	18	
20281	534	78	08	
20285	504	00	1a	01	
20285	52c	00	
20287	508	ff	ff	00	00	00	
20287	509	00	00	00	00	00	00	
20287	538	00	00	00	00	00	00	00	00	
20287	56c	19	
20290	500	04	
20296	504	00	1a	01	
20299	512	00	00	00	00	
20300	500	04	
20303	540	08	a0	00	0d	c0	00	
20303	534	78	08	
20304	548	11	d0	00	0b	c0	00	
20305	54c	0c	c0	00	0c	90	00	
20305	513	00	00	00	00	
20307	504	00	1a	01	
20310	55c	18	
20310	500	04	
20311	50c	81	01	00	
20317	524	00	00	00	00	05	00	05	09	
20317	514	00	02	00	
20318	564	18	
20318	504	00	1a	01	
20321	544	0b	a0	00	09	d0	05	
20321	520	00	09	04	05	03	05	04	04	
20321	500	04	
20325	534	79	08	
20325	512	00	00	00	00	
20329	504	00	1a	01	
20331	513	00	00	00	00	
20332	500	04	
20338	508	ff	ff	00	00	00	
20338	509	00	00	00	00	00	00	
20338	538	00	00	00	00	00	00	00	00	
20340	504	00	1a	01	
20342	560	18	
20345	500	04	
20347	534	78	08	
20351	504	00	1a	01	
20351	512	00	00	00	00	
20355	540	09	b0	00	0d	c0	00	
20356	500	04	
20356	548	10	d0	00	0b	c0	00	
20356	54c	0c	d0	00	0c	90	00	
20357	513	00	00	00	00	
20358	510	7a	05	00	
20362	504	00	1a	01	
20362	50c	84	01	00	
20366	500	04	
20368	528	00	
20368	534	78	08	
20369	524	00	00	00	00	05	00	05	09	
20372	544	0b	a0	00	09	d0	05	
20372	520	00	09	05	05	03	05	04	04	
20373	504	00	1a	01	
20377	512	00	00	00	00	
20380	500	04	
20383	513	00	00	00	00	
20384	504	00	1a	01	
20386	52c	00	
20388	500	04	
20389	508	ff	ff	00	00	00	
20389	509	00	00	00	00	00	00	
20389	538	00	00	00	00	00	00	00	00	
20390	534	78	08	
20395	504	00	1a	01	
20400	500	04	
20403	512	00	00	00	00	
20406	504	00	1a	01	
20406	540	08	b0	00	0d	c0	00	
20408	548	10	d0	00	0b	c0	00	
20408	54c	0c	d0	00	0c	90	00	
20409	513	00	00	00	00	
20410	500	04	
20412	534	78	08	
20413	50c	80	01	00	
20417	504	00	1a	01	
20418	514	00	02	00	
20419	564	18	
20421	524	00	00	00	00	05	00	05	09	
20421	500	04	
20424	544	0c	a0	00	09	d0	05	
20424	520	00	09	05	05	03	05	04	04	
20428	504	00	1a	01	
20429	512	00	00	00	00	
20432	500	04	
20435	534	79	08	
20435	513	00	00	00	00	
20439	504	00	1a	01	
20439	550	19	19	18	00	
20440	508	ff	ff	00	00	00	
20440	509	00	00	00	00	00	00	
20440	538	00	00	00	00	00	00	00	00	
20443	500	04	
20450	504	00	1a	01	
20454	534	78	08	
20457	512	00	00	00	00	
20457	500	04	
20458	540	08	a0	00	0d	c0	00	
20460	548	10	d0	00	0b	c0	00	
20460	54c	0c	d0	00	0c	90	00	
20460	570	19	
20460	510	78	05	00	
20461	504	00	1a	01	
20461	513	00	00	00	00	
20464	50c	86	01	00	
20467	554	00	00	00	00	
20467	500	04	
20469	528	00	
20472	504	00	1a	01	
20473	524	00	00	00	00	05	00	05	09	
20476	544	0b	a0	00	09	d0	05	
20476	534	79	08	
20476	520	00	09	05	05	03	05	04	04	
20477	500	04	
20481	512	00	00	00	00	
20484	568	18	
20484	504	00	1a	01	
20487	513	00	00	00	00	
20488	52c	00	
20488	500	04	
20488	56c	19	
20491	508	ff	ff	00	00	00	
20491	509	00	00	00	00	00	00	
20491	538	00	00	00	00	00	00	00	00	
20494	504	00	1a	01	
20497	534	78	08	
20499	500	04	
20505	504	00	1a	01	
20507	512	00	00	00	00	
20509	55c	18	
20510	540	08	a0	00	0d	c0	00	
20512	500	04	
20512	548	10	d0	00	0b	c0	00	
20512	54c	0c	d0	00	0c	90	00	
20513	513	00	00	00	00	
20516	50c	82	01	00	
20517	504	00	1a	01	
20519	534	78	08	
20519	514	00	02	00	
20520	564	18	
20522	500	04	
20525	524	00	00	00	00	05	00	05	09	
20527	504	00	1a	01	
20527	544	0b	a0	00	09	c0	05	
20527	520	00	09	05	05	03	05	04	04	
20533	500	04	
20533	512	00	00	00	00	
20538	504	00	1a	01	
20539	513	00	00	00	00	
20541	534	78	08	
20542	508	ff	ff	00	00	00	
20542	509	00	00	00	00	00	00	
20542	538	00	00	00	00	00	00	00	00	
20543	560	18	
20544	500	04	
20549	504	00	1a	01	
20555	500	04	
20559	512	00	00	00	00	
20560	504	00	1a	01	
20560	540	08	b0	00	0d	c0	00	
20561	510	79	05	00	
20563	534	78	08	
20564	548	10	d0	00	0c	c0	00	
20564	54c	0c	d0	00	0c	90	00	
20565	513	00	00	00	00	
20568	50c	85	01	00	
20569	500	04	
20571	528	00	
20572	504	00	1a	01	
20577	524	00	00	00	00	05	00	05	09	
20578	500	04	
20579	544	0b	a0	00	09	d0	05	
20579	520	00	09	05	05	03	05	04	04	
20582	504	00	1a	01	
20583	534	78	08	
20586	512	00	00	00	00	
20589	500	04	
20590	52c	00	
20591	513	00	00	00	00	
20593	508	ff	ff	00	00	00	
20593	509	00	00	00	00	00	00	
20593	538	00	00	00	00	00	00	00	00	
20593	504	00	1a	01	
20600	500	04	
20604	504	00	1a	01	
20607	534	78	08	
20611	500	04	
20611	512	00	00	00	00	
20612	540	09	a0	00	0d	c0	00	
20615	504	00	1a	01	
20616	548	10	d0	00	0b	c0	00	
20616	54c	0c	c0	00	0c	90	00	
20617	50c	86	01	00	
20617	513	00	00	00	00	
20620	514	00	02	00	
20623	564	18	
20624	500	04	
20626	504	00	1a	01	
20627	534	78	08	
20628	524	00	00	00	00	05	00	05	09	
20631	544	0b	a0	00	09	d0	05	
20631	520	00	09	05	05	03	05	04	04	
20634	500	04	
20637	504	00	1a	01	
20637	512	00	00	00	00	
20640	550	19	19	18	00	
20643	513	00	00	00	00	
20644	508	ff	ff	00	00	00	
20644	509	00	00	00	00	00	00	
20644	538	00	00	00	00	00	00	00	00	
20645	500	04	
20647	534	78	08	
20648	504	00	1a	01	
20656	500	04	
20659	504	00	1a	01	
20662	570	19	
20662	510	7a	05	00	
20662	540	08	a0	00	0c	c0	00	
20663	512	00	00	00	00	
20666	554	00	00	00	00	
20667	500	04	
20668	50c	80	01	00	
20668	548	10	d0	00	0b	c0	00	
20668	54c	0c	d0	00	0d	90	00	
20669	513	00	00	00	00	
20672	504	00	1a	01	
20673	534	78	08	
20673	528	00	
20679	524	00	00	00	00	05	00	05	09	
20680	500	04	
20681	504	00	1a	01	
20682	544	0b	a0	00	09	d0	05	
20683	520	00	09	05	05	03	05	04	04	
20683	568	18	
20689	512	00	00	00	00	
20692	56c	19	
20692	500	04	
20692	52c	00	
20692	534	78	08	
20692	504	00	1a	01	
20695	508	ff	ff	00	00	00	
20695	509	00	00	00	00	00	00	
20695	538	00	00	00	00	00	00	00	00	
20695	513	00	00	00	00	
20701	500	04	
20704	504	00	1a	01	
20710	55c	18	
20712	500	04	
20712	534	78	08	
20714	540	08	a0	00	0d	c0	00	
20714	504	00	1a	01	
20715	512	00	00	00	00	
20719	50c	80	01	00	
20720	548	11	d0	00	0c	c0	00	
20720	54c	0c	c0	00	0c	90	00	
20723	513	00	00	00	00	
20723	564	18	
20725	514	00	02	00	
20725	500	04	
20725	504	00	1a	01	
20731	524	00	00	00	00	05	00	05	09	
20734	544	0c	a0	00	09	d0	05	
20734	534	78	08	
20734	520	00	09	05	05	03	05	04	04	
20736	500	04	
20738	504	00	1a	01	
20741	512	00	00	00	00	
20744	560	18	
20746	538	00	00	00	00	00	00	00	00	
20746	509	00	00	00	00	00	00	
20746	508	ff	ff	00	00	00	
20747	500	04	
20747	504	00	1a	01	
20747	513	00	00	00	00	
20756	534	78	08	
20759	500	04	
20759	504	00	1a	01	
20764	540	08	b0	00	0d	c0	00	
20764	510	77	05	00	
20767	512	00	00	00	00	
20769	500	04	
20769	504	00	1a	01	
20770	50c	83	01	00	
20772	548	10	d0	00	0c	c0	00	
20772	54c	0c	c0	00	0c	90	00	
20775	528	00	
20775	513	00	00	00	00	
20776	534	78	08	
20780	500	04	
20780	504	00	1a	01	
20782	524	00	00	00	00	05	00	05	09	
20786	544	0c	a0	00	09	d0	05	
20786	520	00	09	05	05	03	05	04	04	
20791	504	00	1a	01	
20791	500	04	
20795	52c	00	
20795	512	00	00	00	00	
20797	508	ff	ff	00	00	00	
20797	509	00	00	00	00	00	00	
20797	538	00	00	00	00	00	00	00	00	
20798	534	78	08	
20799	513	00	00	00	00	
20802	500	04	
20802	504	00	1a	01	
20813	500	04	
20815	504	00	1a	01	
20816	540	09	a0	00	0d	c0	00	
20819	512	00	00	00	00	
20821	534	78	08	
20821	50c	80	01	00	
20822	514	00	02	00	
20823	564	18	
20824	500	04	
20824	504	00	1a	01	
20824	548	10	d0	00	0b	c0	00	
20827	54c	0c	c0	00	0c	90	00	
20828	513	00	00	00	00	
20834	524	00	00	00	00	05	00	05	09	
20835	500	04	
20835	504	00	1a	01	
20837	544	0b	a0	00	09	c0	05	
20837	520	00	09	05	05	03	05	05	04	
20841	550	19	19	18	00	
20842	534	78	08	
20845	512	00	00	00	00	
20848	504	00	1a	01	
20848	500	04	
20848	508	ff	ff	00	00	00	
20848	509	00	00	00	00	00	00	
20848	538	00	00	00	00	00	00	00	00	
20851	513	00	00	00	00	
20857	504	00	1a	01	
20858	500	04	
20862	570	19	
20863	534	77	08	
20866	510	7a	05	00	
20867	554	00	00	00	00	
20867	540	08	a0	00	0d	c0	00	
20868	504	00	1a	01	
20868	500	04	
20871	512	00	00	00	00	
20872	50c	8f	01	00	
20874	528	00	
20876	548	10	d0	00	0c	c0	00	
20876	54c	0c	d0	00	0c	90	00	
20879	513	00	00	00	00	
20881	504	00	1a	01	
20881	500	04	
20884	568	18	
20885	534	77	08	
20885	524	00	00	00	00	05	00	05	09	
20889	544	0b	a0	00	09	c0	05	
20889	520	00	09	05	05	03	05	05	04	
20890	504	00	1a	01	
20890	56c	19	
20896	500	04	
20896	52c	00	
20897	512	00	00	00	00	
20899	538	00	00	00	00	00	00	00	00	
20899	509	00	00	00	00	00	00	
20899	508	ff	ff	00	00	00	
20901	504	00	1a	01	
20903	500	04	
20903	513	00	00	00	00	
20905	534	77	08	
20911	55c	18	
20912	504	00	1a	01	
20913	500	04	
20919	540	08	a0	00	0d	c0	00	
20923	504	00	1a	01	
20923	50c	7f	01	00	
20923	512	00	00	00	00	
20923	514	00	02	00	
20924	564	18	
20924	500	04	
20927	548	10	d0	00	0c	c0	00	
20927	54c	0c	c0	00	0c	90	00	
20927	534	78	08	
20929	513	00	00	00	00	
20934	504	00	1a	01	
20935	500	04	
20936	524	00	00	00	00	05	00	05	09	
20941	544	0b	a0	00	09	c0	05	
20941	520	00	09	05	05	03	05	05	04	
20945	504	00	1a	01	
20948	560	18	
20948	500	04	
20949	534	78	08	
20949	512	00	00	00	00	
20950	508	ff	ff	00	00	00	
20950	509	00	00	00	00	00	00	
20950	538	00	00	00	00	00	00	00	00	
20955	513	00	00	00	00	
20956	504	00	1a	01	
20959	500	04	
20966	510	7a	05	00	
20967	504	00	1a	01	
20969	500	04	
20970	540	09	a0	00	0d	c0	00	
20970	534	78	08	
20974	50c	88	01	00	
20975	512	00	00	00	00	
20976	528	00	
20978	504	00	1a	01	
20978	548	10	d0	00	0c	c0	00	
20981	54c	0c	d0	00	0c	90	00	
20982	500	04	
20982	513	00	00	00	00	
20988	524	00	00	00	00	05	00	05	09	
20989	504	00	1a	01	
20991	500	04	
20992	544	0b	a0	00	08	c0	05	
20992	534	78	08	
20993	520	00	09	05	05	03	05	05	04	
20997	52c	00	
21000	504	00	1a	01	
21001	508	ff	ff	00	00	00	
21001	509	00	00	00	00	00	00	
21001	538	00	00	00	00	00	00	00	00	
21001	512	00	00	00	00	
21002	500	04	
21007	513	00	00	00	00	
21011	504	00	1a	01	
21014	534	77	08	
21015	500	04	
21022	504	00	1a	01	
21022	540	08	a0	00	0d	c0	00	
21024	514	00	02	00	
21025	564	18	
21025	50c	7f	01	00	
21026	500	04	
21027	512	00	00	00	00	
21030	548	10	d0	00	0b	c0	00	
21030	54c	0c	d0	00	0c	90	00	
21033	504	00	1a	01	
21036	513	00	00	00	00	
21036	534	77	08	
21037	500	04	
21039	524	00	00	00	00	05	00	05	09	
21043	550	19	19	18	00	
21044	544	0b	a0	00	09	c0	05	
21044	520	00	09	05	05	03	05	05	04	
21044	504	00	1a	01	
21048	500	04	
21052	508	ff	ff	00	00	00	
21055	509	00	00	00	00	00	00	
21055	538	00	00	00	00	00	00	00	00	
21055	512	00	00	00	00	
21055	504	00	1a	01	
21056	534	77	08	
21059	500	04	
21059	513	00	00	00	00	
21063	570	19	
21066	504	00	1a	01	
21068	510	78	05	00	
21071	554	00	00	00	00	
21072	500	04	
21074	540	08	a0	00	0d	c0	00	
21076	50c	7d	01	00	
21077	528	00	
21077	504	00	1a	01	
21078	534	77	08	
21079	512	00	00	00	00	
21081	548	10	d0	00	0b	c0	00	
21081	54c	0c	d0	00	0c	90	00	
21084	500	04	
21085	568	18	
21085	513	00	00	00	00	
21088	504	00	1a	01	
21090	524	00	00	00	00	05	00	05	09	
21091	56c	19	
21092	500	04	
21094	544	0b	a0	00	09	c0	05	
21094	520	00	09	05	05	03	05	05	04	
21099	504	00	1a	01	
21102	52c	00	
21102	534	66	08	
21103	508	ff	ff	00	00	00	
21103	509	00	00	00	00	00	00	
21103	538	00	00	00	00	00	00	00	00	
21103	500	04	
21105	512	00	00	00	00	
21110	504	00	1a	01	
21111	513	00	00	00	00	
21112	55c	18	
21114	500	04	
21121	504	00	1a	01	
21121	534	77	08	
21125	540	09	a0	00	0d	c0	00	
21125	564	18	
21126	514	00	02	00	
21127	500	04	
21127	50c	80	01	00	
21131	512	00	00	00	00	
21132	504	00	1a	01	
21135	548	0f	d0	00	73	c0	00	
21135	54c	0c	c0	00	0d	90	00	
21137	500	04	
21137	513	00	00	00	00	
21142	524	00	00	00	00	05	00	05	09	
21143	534	75	08	
21143	504	00	1a	01	
21146	544	0b	b0	00	09	c0	05	
21146	520	00	09	05	05	03	05	05	04	
21146	560	18	
21149	500	04	
21154	508	ff	ff	00	00	00	
21154	509	00	00	00	00	00	00	
21154	538	00	00	00	00	00	00	00	00	
21154	504	00	1a	01	
21157	512	00	00	00	00	
21159	500	04	
21163	513	00	00	00	00	
21165	534	65	08	
21165	504	00	1a	01	
21169	510	79	05	00	
21170	500	04	
21176	504	00	1a	01	
21177	540	09	b0	00	0d	c0	00	
21177	528	00	
21178	50c	84	01	00	
21183	500	04	
21183	512	00	00	00	00	
21184	548	0f	d0	00	68	c0	00	
21184	54c	0c	d0	00	0d	90	00	
21187	534	76	08	
21188	504	00	1a	01	
21189	513	00	00	00	00	
21193	524	00	00	00	00	05	00	05	09	
21194	500	04	
21196	544	0c	a0	00	09	c0	05	
21196	520	00	09	05	05	03	05	05	04	
21198	504	00	1a	01	
21201	52c	00	
21205	508	ff	ff	00	00	00	
21208	509	00	00	00	00	00	00	
21208	538	00	00	00	00	00	00	00	00	
21208	500	04	
21208	534	73	08	
21209	504	00	1a	01	
21209	512	00	00	00	00	
21215	513	00	00	00	00	
21216	500	04	
21220	504	00	1a	01	
21226	514	00	02	00	
21230	564	18	
21230	500	04	
21231	540	08	b0	00	0d	c0	00	
21231	534	65	08	
21231	50c	85	01	00	
21231	504	00	1a	01	
21235	548	0f	d0	00	86	c0	00	
21235	54c	0c	c0	00	0c	90	00	
21235	512	00	00	00	00	
21239	500	04	
21242	513	00	00	00	00	
21242	504	00	1a	01	
21244	550	19	19	18	00	
21244	524	00	00	00	00	05	00	05	09	
21248	544	0b	a0	00	08	b0	05	
21248	520	00	09	05	05	03	05	05	04	
21249	500	04	
21249	534	76	08	
21253	504	00	1a	01	
21256	508	ff	ff	00	00	00	
21259	509	00	00	00	00	00	00	
21259	538	00	00	00	00	00	00	00	00	
21260	500	04	
21261	512	00	00	00	00	
21264	504	00	1a	01	
21264	570	19	
21267	513	00	00	00	00	
21270	554	00	00	00	00	
21270	510	7a	05	00	
21271	500	04	
21274	534	73	08	
21275	504	00	1a	01	
21279	528	00	
21280	50c	80	01	00	
21280	540	08	a0	00	0d	c0	00	
21282	500	04	
21286	504	00	1a	01	
21286	568	18	
21287	548	10	d0	00	58	c0	00	
21287	54c	0c	c0	00	0d	90	00	
21290	512	00	00	00	00	
21292	56c	19	
21293	513	00	00	00	00	
21294	534	66	08	
21295	500	04	
21296	524	00	00	00	00	05	00	05	09	
21297	504	00	1a	01	
21298	544	0b	b0	00	08	c0	05	
21299	520	00	09	05	05	03	05	05	04	
21302	52c	00	
21305	500	04	
21307	508	ff	ff	00	00	00	
21307	509	00	00	00	00	00	00	
21307	538	00	00	00	00	00	00	00	00	
21308	504	00	1a	01	
21313	55c	18	
21313	512	00	00	00	00	
21314	534	75	08	
21316	500	04	
21319	504	00	1a	01	
21322	513	00	00	00	00	
21327	500	04	
21327	564	18	
21328	514	00	02	00	
21330	504	00	1a	01	
21331	50c	82	01	00	
21332	540	09	a0	00	0d	c0	00	
21336	534	73	08	
21338	500	04	
21339	548	10	d0	00	8e	c0	00	
21342	54c	0c	d0	00	0c	90	00	
21342	512	00	00	00	00	
21342	504	00	1a	01	
21345	513	00	00	00	00	
21347	560	18	
21348	524	00	00	00	00	05	00	05	09	
21350	544	0b	a0	00	09	c0	05	
21351	500	04	
21351	520	00	09	05	05	03	05	05	04	
21352	504	00	1a	01	
21358	508	ff	ff	00	00	00	
21358	509	00	00	00	00	00	00	
21358	538	00	00	00	00	00	00	00	00	
21358	534	68	08	
21361	500	04	
21363	504	00	1a	01	
21365	512	00	00	00	00	
21371	513	00	00	00	00	
21372	500	04	
21372	510	7a	05	00	
21375	504	00	1a	01	
21380	528	00	
21380	534	75	08	
21382	50c	80	01	00	
21383	500	04	
21384	540	08	a0	00	0d	c0	00	
21385	504	00	1a	01	
21391	512	00	00	00	00	
21391	548	0f	d0	00	58	c0	00	
21391	54c	0c	c0	00	0c	90	00	
21394	500	04	
21396	504	00	1a	01	
21397	513	00	00	00	00	
21399	524	00	00	00	00	05	00	05	09	
21400	544	0b	a0	00	08	c0	05	
21400	534	70	08	
21403	520	00	09	05	05	03	05	05	04	
21404	52c	00	
21407	500	04	
21407	504	00	1a	01	
21410	538	00	00	00	00	00	00	00	00	
21410	509	00	00	00	00	00	00	
21410	508	ff	ff	00	00	00	
21417	500	04	
21417	512	00	00	00	00	
21418	504	00	1a	01	
21423	534	67	08	
21423	513	00	00	00	00	
21428	500	04	
21428	514	00	02	00	
21431	564	18	
21431	504	00	1a	01	
21433	50c	86	01	00	
21435	540	08	b0	00	0d	c0	00	
21439	500	04	
21440	504	00	1a	01	
21443	548	10	d0	00	92	c0	00	
21443	54c	0c	d0	00	0c	90	00	
21443	512	00	00	00	00	
21445	550	19	19	18	00	
21448	534	74	08	
21450	500	04	
21450	513	00	00	00	00	
21451	524	00	00	00	00	05	00	05	09	
21451	504	00	1a	01	
21452	544	0c	a0	00	09	c0	05	
21454	520	00	09	05	05	03	05	05	04	
21460	508	ff	ff	00	00	00	
21460	509	00	00	00	00	00	00	
21460	538	00	00	00	00	00	00	00	00	
21463	504	00	1a	01	
21463	500	04	
21465	570	19	
21465	534	6e	08	
21469	512	00	00	00	00	
21471	554	00	00	00	00	
21473	510	7a	05	00	
21473	504	00	1a	01	
21474	500	04	
21475	513	00	00	00	00	
21480	528	00	
21484	504	00	1a	01	
21484	50c	83	01	00	
21484	500	04	
21487	540	08	a0	00	0d	c0	00	
21487	534	69	08	
21487	568	18	
21493	56c	19	
21495	548	0f	d0	00	74	c0	00	
21495	54c	0c	d0	00	0c	90	00	
21500	504	00	1a	01	
21501	512	00	00	00	00	
21501	500	04	
21501	513	00	00	00	00	
21502	544	0b	a0	00	09	c0	05	
21502	524	00	00	00	00	05	00	05	09	
21506	52c	00	
21506	504	00	1a	01	
21506	520	00	09	05	05	03	05	05	04	
21506	500	04	
21509	534	75	08	
21511	538	00	00	00	00	00	00	00	00	
21511	509	00	00	00	00	00	00	
21511	508	ff	ff	00	00	00	
21514	55c	18	
21517	504	00	1a	01	
21518	500	04	
21521	512	00	00	00	00	
21527	513	00	00	00	00	
21528	504	00	1a	01	
21532	500	04	
21532	534	64	08	
21532	514	00	02	00	
21532	564	18	
21535	50c	82	01	00	
21539	540	08	a0	00	0d	c0	00	
21539	504	00	1a	01	
21539	500	04	
21547	512	00	00	00	00	
21547	548	10	d0	00	5d	c0	00	
21550	54c	0c	c0	00	0c	90	00	
21551	560	18	
21551	504	00	1a	01	
21551	500	04	
21551	534	75	08	
21553	524	00	00	00	00	05	00	05	09	
21553	513	00	00	00	00	
21554	544	0b	a0	00	09	c0	05	
21558	520	00	09	05	05	03	05	05	04	
21561	504	00	1a	01	
21564	500	04	
21564	508	ff	ff	00	00	00	
21564	509	00	00	00	00	00	00	
21566	538	00	00	00	00	00	00	00	00	
21572	504	00	1a	01	
21572	534	74	08	
21573	512	00	00	00	00	
21574	510	7a	05	00	
21574	500	04	
21579	513	00	00	00	00	
21582	528	00	
21583	504	00	1a	01	
21584	500	04	
21586	50c	87	01	00	
21590	540	08	b0	00	0d	c0	00	
21594	534	63	08	
21594	504	00	1a	01	
21595	500	04	
21599	548	10	d0	00	8a	c0	00	
21599	512	00	00	00	00	
21602	54c	0c	c0	00	0c	90	00	
21605	524	00	00	00	00	05	00	05	09	
21605	504	00	1a	01	
21605	544	0c	a0	00	09	c0	05	
21605	513	00	00	00	00	
21606	500	04	
21606	52c	00	
21609	520	00	09	05	05	03	05	05	04	
21613	508	ff	ff	00	00	00	
21613	509	00	00	00	00	00	00	
21616	538	00	00	00	00	00	00	00	00	
21616	534	75	08	
21616	504	00	1a	01	
21617	500	04	
21625	512	00	00	00	00	
21627	504	00	1a	01	
21630	500	04	
21630	514	00	02	00	
21631	564	18	
21631	513	00	00	00	00	
21637	50c	87	01	00	
21638	534	73	08	
21638	504	00	1a	01	
21641	500	04	
21642	540	08	a0	00	0d	c0	00	
21646	550	19	19	19	00	
21649	504	00	1a	01	
21651	548	0f	d0	00	4b	c0	00	
21651	54c	0c	d0	00	0c	90	00	
21651	512	00	00	00	00	
21654	500	04	
21656	524	00	00	00	00	05	00	05	09	
21657	544	0b	a0	00	09	b0	05	
21657	513	00	00	00	00	
21658	534	64	08	
21660	504	00	1a	01	
21661	520	00	09	05	05	03	05	05	04	
21663	500	04	
21664	508	ff	ff	00	00	00	
21664	509	00	00	00	00	00	00	
21667	538	00	00	00	00	00	00	00	00	
21667	570	19	
21671	504	00	1a	01	
21673	554	00	00	00	00	
21674	500	04	
21676	510	7a	05	00	
21677	512	00	00	00	00	
21680	534	74	08	
21682	504	00	1a	01	
21683	528	00	
21685	513	00	00	00	00	
21686	500	04	
21688	50c	85	01	00	
21688	568	18	
21692	540	08	a0	00	0d	c0	00	
21693	504	00	1a	01	
21694	56c	19	
21696	500	04	
21702	548	0f	d0	00	97	c0	00	
21702	54c	0c	c0	00	0c	90	00	
21705	534	73	08	
21705	512	00	00	00	00	
21705	504	00	1a	01	
21707	500	04	
21707	524	00	00	00	00	05	00	05	09	
21707	544	0b	a0	00	08	c0	05	
21709	52c	00	
21709	513	00	00	00	00	
21711	520	00	09	05	05	03	05	05	04	
21715	508	ff	ff	00	00	00	
21718	55c	18	
21718	509	00	00	00	00	00	00	
21719	538	00	00	00	00	00	00	00	00	
21719	504	00	1a	01	
21719	500	04	
21723	534	63	08	
21726	504	00	1a	01	
21729	500	04	
21729	512	00	00	00	00	
21731	514	00	02	00	
21734	564	18	
21735	513	00	00	00	00	
21737	504	00	1a	01	
21739	50c	82	01	00	
21742	500	04	
21744	540	08	a0	00	0d	c0	00	
21745	534	73	08	
21748	504	00	1a	01	
21749	560	18	
21752	500	04	
21755	548	0f	d0	00	6c	c0	00	
21755	54c	0c	c0	00	0c	90	00	
21755	512	00	00	00	00	
21759	544	0b	a0	00	09	b0	05	
21759	524	00	00	00	00	05	00	05	09	
21759	504	00	1a	01	
21761	513	00	00	00	00	
21763	520	00	09	05	05	03	05	05	04	
21763	500	04	
21766	508	ff	ff	00	00	00	
21768	509	00	00	00	00	00	00	
21769	538	00	00	00	00	00	00	00	00	
21769	534	72	08	
21770	504	00	1a	01	
21774	500	04	
21777	510	79	05	00	
21781	504	00	1a	01	
21781	512	00	00	00	00	
21783	528	00	
21785	500	04	
21788	534	65	08	
21788	513	00	00	00	00	
21790	50c	83	01	00	
21792	504	00	1a	01	
21794	540	08	a0	00	0d	c0	00	
21798	500	04	
21803	504	00	1a	01	
21805	548	10	d0	00	73	c0	00	
21805	54c	0c	c0	00	0c	90	00	
21807	512	00	00	00	00	
21810	500	04	
21810	544	0c	a0	00	09	b0	05	
21810	534	74	08	
21811	52c	00	
21811	524	00	00	00	00	05	00	05	09	
21813	520	00	09	05	05	03	05	05	04	
21813	513	00	00	00	00	
21814	504	00	1a	01	
21817	508	ff	ff	00	00	00	
21817	509	00	00	00	00	00	00	
21820	538	00	00	00	00	00	00	00	00	
21820	500	04	
21825	504	00	1a	01	
21830	500	04	
21831	534	71	08	
21832	514	00	02	00	
21833	564	18	
21833	512	00	00	00	00	
21836	504	00	1a	01	
21839	513	00	00	00	00	
21842	500	04	
21842	50c	86	01	00	
21846	550	19	19	18	00	
21846	540	08	a0	00	0d	c0	00	
21847	504	00	1a	01	
21853	534	64	08	
21854	500	04	
21856	548	0f	d0	00	73	c0	00	
21856	54c	0c	d0	00	0c	90	00	
21858	504	00	1a	01	
21861	512	00	00	00	00	
21861	544	0b	a0	00	08	b0	05	
21862	524	00	00	00	00	05	00	05	09	
21865	500	04	
21865	520	00	09	05	05	03	05	05	04	
21865	513	00	00	00	00	
21867	570	19	
21868	509	00	00	00	00	00	00	
21868	538	00	00	00	00	00	00	00	00	
21868	508	ff	ff	00	00	00	
21871	504	00	1a	01	
21874	534	73	08	
21875	554	00	00	00	00	
21876	500	04	
21878	510	79	05	00	
21880	504	00	1a	01	
21885	512	00	00	00	00	
21885	528	00	
21887	500	04	
21889	568	18	
21892	504	00	1a	01	
21892	513	00	00	00	00	
21893	50c	89	01	00	
21895	56c	19	
21896	534	71	08	
21898	540	08	a0	00	0d	c0	00	
21898	500	04	
21902	504	00	1a	01	
21908	548	0f	d0	00	6b	c0	00	
21908	54c	0c	d0	00	0c	90	00	
21911	500	04	
21911	512	00	00	00	00	
21912	52c	00	
21913	544	0b	a0	00	09	b0	05	
21914	504	00	1a	01	
21914	524	00	00	00	00	05	00	05	09	
21916	55c	18	
21917	520	00	09	05	05	03	05	05	04	
21917	513	00	00	00	00	
21918	534	64	08	
21921	508	ff	ff	00	00	00	
21921	509	00	00	00	00	00	00	
21921	538	00	00	00	00	00	00	00	00	
21921	500	04	
21924	504	00	1a	01	
21932	500	04	
21933	514	00	02	00	
21934	564	18	
21935	504	00	1a	01	
21937	512	00	00	00	00	
21940	534	74	08	
21943	500	04	
21943	50c	78	01	00	
21943	513	00	00	00	00	
21946	504	00	1a	01	
21949	540	08	b0	00	0d	c0	00	
21950	560	18	
21954	500	04	
21957	504	00	1a	01	
21960	548	0f	d0	00	92	c0	00	
21962	54c	0c	c0	00	0c	90	00	
21963	534	70	08	
21963	512	00	00	00	00	
21964	544	0c	a0	00	09	b0	05	
21965	524	00	00	00	00	05	00	05	09	
21966	500	04	
21967	520	00	09	05	05	03	05	05	04	
21968	504	00	1a	01	
21969	513	00	00	00	00	
21970	508	ff	ff	00	00	00	
21973	509	00	00	00	00	00	00	
21973	538	00	00	00	00	00	00	00	00	
21976	500	04	
21979	504	00	1a	01	
21980	510	7a	05	00	
21982	534	65	08	
21986	528	00	
21987	500	04	
21989	512	00	00	00	00	
21990	504	00	1a	01	
21994	50c	87	01	00	
21995	513	00	00	00	00	
21998	500	04	
22001	504	00	1a	01	
22001	540	09	b0	00	0d	c0	00	
22004	534	73	08	
22009	500	04	
22012	504	00	1a	01	
22012	548	0f	d0	00	54	c0	00	
22012	54c	0c	d0	00	0c	90	00	
22016	52c	00	
22016	512	00	00	00	00	
22016	524	00	00	00	00	05	00	05	09	
22016	544	0b	a0	00	09	b0	05	
22019	520	00	09	05	05	03	05	05	04	
22021	508	ff	ff	00	00	00	
22021	509	00	00	00	00	00	00	
22021	538	00	00	00	00	00	00	00	00	
22021	513	00	00	00	00	
22022	500	04	
22024	504	00	1a	01	
22025	534	6f	08	
22033	500	04	
22034	504	00	1a	01	
22034	514	00	02	00	
22035	564	18	
22041	512	00	00	00	00	
22044	500	04	
22045	504	00	1a	01	
22045	50c	85	01	00	
22048	550	19	19	18	00	
22049	534	65	08	
22049	513	00	00	00	00	
22053	540	08	a0	00	0d	c0	00	
22055	500	04	
22056	504	00	1a	01	
22064	548	10	d0	00	8b	c0	00	
22064	54c	0c	c0	00	0c	90	00	
22066	500	04	
22067	504	00	1a	01	
22070	512	00	00	00	00	
22070	544	0b	a0	00	09	b0	05	
22070	524	00	00	00	00	05	00	05	09	
22072	570	19	
22072	520	00	09	05	05	03	05	05	04	
22072	534	74	08	
22072	508	ff	ff	00	00	00	
22072	509	00	00	00	00	00	00	
22072	538	00	00	00	00	00	00	00	00	
22073	513	00	00	00	00	
22077	554	00	00	00	00	
